application_id,customer_sk,branch_sk,product_sk,date_id,loan_amount,approved,defaulted,interest_rate
LOAN000001,746,10,5,20250719,334216.73,True,False,11.43
LOAN000002,891,5,5,20250113,209504.58,True,False,6.1
LOAN000003,1906,12,8,20240803,144843.27,False,False,9.77
LOAN000004,1543,2,7,20250506,256266.0,False,False,7.88
LOAN000005,1370,7,5,20240501,92842.79,False,False,11.38
LOAN000006,1307,5,8,20240630,351897.16,True,False,4.77
LOAN000007,336,9,6,20240628,166590.03,True,False,8.38
LOAN000008,1862,12,6,20231026,205543.7,True,False,7.08
LOAN000009,1322,2,5,20250716,324036.69,True,False,3.99
LOAN000010,2204,12,5,20231008,213191.83,False,False,5.86
LOAN000011,1301,7,5,20230716,39909.04,True,False,7.68
LOAN000012,837,1,7,20230404,78773.17,False,False,5.82
LOAN000013,2009,10,7,20251119,229139.91,True,False,12.26
LOAN000014,1774,3,7,20251212,308546.24,True,False,6.02
LOAN000015,170,2,5,20231121,173317.91,True,False,7.16
LOAN000016,1380,6,8,20251230,70829.66,True,False,4.95
LOAN000017,659,10,7,20230504,68480.84,True,False,8.19
LOAN000018,1460,2,8,20241204,304035.37,False,False,8.82
LOAN000019,244,7,5,20241029,440039.7,False,False,4.63
LOAN000020,677,9,7,20230224,443940.53,False,False,7.7
LOAN000021,1042,3,7,20251010,99947.49,True,False,11.99
LOAN000022,122,7,7,20240203,211938.76,True,False,6.63
LOAN000023,1919,13,6,20240313,97786.93,False,False,5.91
LOAN000024,1106,12,8,20251115,440690.34,True,False,6.24
LOAN000025,1854,8,8,20250708,440057.05,True,False,6.47
LOAN000026,1764,10,6,20240420,105675.47,False,False,5.15
LOAN000027,1241,2,7,20240218,186510.82,False,False,5.63
LOAN000028,2139,7,8,20250201,314228.21,False,False,5.66
LOAN000029,1315,10,7,20240117,376257.79,True,False,11.01
LOAN000030,2089,10,6,20240505,129915.82,False,False,10.28
LOAN000031,755,11,6,20251001,386180.55,False,False,8.81
LOAN000032,1172,7,6,20240821,166116.92,True,False,7.47
LOAN000033,1835,2,6,20250824,354230.53,True,False,6.14
LOAN000034,1430,3,7,20230926,151839.13,True,False,4.95
LOAN000035,1633,4,8,20250313,180775.48,True,False,4.28
LOAN000036,2148,13,8,20230728,145823.43,True,False,6.86
LOAN000037,1050,6,7,20240219,116454.65,True,False,4.41
LOAN000038,1276,5,5,20250711,235706.92,True,False,11.29
LOAN000039,862,15,8,20230502,152368.85,True,False,5.63
LOAN000040,2034,6,8,20230312,129697.12,False,False,11.26
LOAN000041,1287,6,6,20231030,238457.8,True,False,4.68
LOAN000042,228,8,5,20230407,319731.3,True,False,4.89
LOAN000043,1453,11,5,20250710,28989.49,False,False,5.8
LOAN000044,183,5,8,20241228,77304.4,True,False,8.94
LOAN000045,1031,6,7,20240515,219085.75,False,False,10.02
LOAN000046,1717,2,6,20231018,231183.83,False,False,7.27
LOAN000047,994,12,7,20250920,237745.97,True,False,7.41
LOAN000048,1888,11,6,20230702,18614.93,True,False,9.63
LOAN000049,2082,7,8,20240523,433034.39,True,False,7.3
LOAN000050,537,4,7,20250713,191832.38,False,False,3.91
LOAN000051,1578,11,8,20240920,400889.83,True,False,11.86
LOAN000052,400,13,5,20230819,366286.32,True,False,4.46
LOAN000053,1572,6,8,20230919,405300.21,False,False,3.72
LOAN000054,1348,4,8,20250104,201169.3,True,True,8.01
LOAN000055,1063,12,8,20240313,375632.94,False,False,10.26
LOAN000056,904,5,6,20250909,359099.41,False,False,11.31
LOAN000057,322,2,7,20250708,215279.77,False,False,10.52
LOAN000058,2011,6,5,20240904,32478.83,False,False,7.5
LOAN000059,2118,12,8,20251204,15499.44,True,False,11.74
LOAN000060,1697,3,6,20250905,431369.37,True,False,4.26
LOAN000061,685,12,5,20241109,240616.74,True,False,6.43
LOAN000062,861,12,5,20251027,155455.36,True,False,7.56
LOAN000063,1275,14,7,20231224,58029.55,False,False,5.13
LOAN000064,1480,2,7,20240509,260661.16,True,False,3.67
LOAN000065,1302,9,7,20241220,270710.86,True,False,6.37
LOAN000066,398,15,8,20250417,374828.47,True,True,8.9
LOAN000067,783,2,6,20240121,319224.86,False,False,4.53
LOAN000068,481,5,7,20231008,121106.34,True,False,12.47
LOAN000069,1601,4,8,20231218,196276.21,False,False,6.73
LOAN000070,2051,2,7,20250615,393487.2,True,False,3.8
LOAN000071,889,15,5,20230809,241578.47,False,False,5.39
LOAN000072,248,10,5,20240329,166932.45,True,False,5.3
LOAN000073,1794,11,7,20230502,18944.6,True,False,7.25
LOAN000074,2216,11,8,20251101,355562.95,True,False,12.07
LOAN000075,753,1,7,20230913,281486.13,True,False,7.0
LOAN000076,1695,11,5,20241030,346895.16,True,False,8.05
LOAN000077,1797,11,8,20240618,166693.89,True,False,5.11
LOAN000078,2030,15,5,20230902,358666.23,True,False,8.0
LOAN000079,1972,15,8,20250907,433784.08,False,False,10.72
LOAN000080,2091,8,5,20250306,190167.22,False,False,10.17
LOAN000081,1884,12,7,20240805,205119.39,False,False,4.22
LOAN000082,724,9,6,20240512,233473.11,True,False,11.29
LOAN000083,1031,6,5,20250515,385237.71,True,False,8.67
LOAN000084,341,10,6,20240229,172250.54,False,False,3.59
LOAN000085,438,9,5,20240904,141511.58,True,False,12.41
LOAN000086,1790,8,7,20250902,327467.98,True,False,9.96
LOAN000087,1001,6,8,20241026,342965.36,True,False,9.08
LOAN000088,457,9,6,20240116,264464.68,False,False,7.58
LOAN000089,1535,12,7,20251214,200882.43,False,False,11.34
LOAN000090,1715,1,6,20250209,178268.41,True,False,11.06
LOAN000091,1323,15,5,20240611,377305.02,True,False,10.44
LOAN000092,1877,2,5,20250712,18863.8,True,False,4.83
LOAN000093,1832,15,5,20251127,142987.9,False,False,11.13
LOAN000094,1592,10,8,20240926,393220.2,False,False,3.87
LOAN000095,1093,6,8,20230621,147476.6,True,False,11.15
LOAN000096,895,5,6,20241112,113862.58,True,True,12.28
LOAN000097,1164,3,5,20230812,221208.09,True,False,11.94
LOAN000098,1034,12,7,20230408,194114.22,False,False,6.41
LOAN000099,46,3,8,20250114,164359.76,True,False,11.46
LOAN000100,1396,15,6,20250509,150148.85,False,False,9.52
LOAN000101,1284,15,5,20250520,212489.52,True,False,11.98
LOAN000102,1962,9,6,20250320,73394.84,True,False,7.36
LOAN000103,790,13,5,20250531,57835.95,True,False,8.7
LOAN000104,943,5,8,20230309,182498.84,True,False,4.05
LOAN000105,30,8,7,20230901,382727.47,True,False,6.88
LOAN000106,1779,12,7,20250318,223146.57,True,False,7.17
LOAN000107,1785,6,6,20251002,220916.4,True,False,3.65
LOAN000108,136,1,5,20230616,367325.87,True,False,6.49
LOAN000109,2172,2,5,20240314,326558.87,True,False,4.08
LOAN000110,1182,4,6,20240213,236673.71,False,False,11.68
LOAN000111,2172,11,7,20231101,180415.12,True,False,5.28
LOAN000112,1124,10,6,20230716,46388.36,False,False,11.23
LOAN000113,2161,1,7,20230520,108985.19,True,False,12.28
LOAN000114,450,14,5,20230208,113024.61,True,False,7.83
LOAN000115,1479,1,6,20230220,207181.37,False,False,4.06
LOAN000116,1099,7,6,20241229,240264.06,True,False,9.55
LOAN000117,1455,10,6,20230215,334476.78,False,False,8.2
LOAN000118,971,7,6,20241008,366038.15,True,False,10.27
LOAN000119,1415,6,8,20231217,88900.49,True,False,7.11
LOAN000120,1619,14,5,20250618,65876.67,False,False,4.7
LOAN000121,1306,13,6,20240111,321033.05,True,False,8.27
LOAN000122,418,10,5,20230111,271225.51,False,False,10.09
LOAN000123,2024,4,8,20250913,126201.25,True,False,7.11
LOAN000124,1891,9,6,20241028,273847.78,True,False,4.37
LOAN000125,1217,3,5,20231228,375208.23,True,False,6.59
LOAN000126,1206,4,8,20250606,297121.34,True,False,12.46
LOAN000127,596,10,8,20240224,214962.38,True,False,5.44
LOAN000128,118,12,8,20231114,98962.16,True,False,4.04
LOAN000129,875,4,7,20251209,345652.87,True,False,6.14
LOAN000130,32,4,8,20230418,79381.14,False,False,9.92
LOAN000131,2204,1,8,20251123,140493.22,True,False,8.9
LOAN000132,984,15,5,20230904,189186.14,False,False,6.51
LOAN000133,743,7,8,20250125,221264.46,True,False,6.32
LOAN000134,659,7,8,20240927,392013.08,True,False,4.16
LOAN000135,14,14,7,20250827,15508.82,False,False,7.16
LOAN000136,59,10,6,20250323,79433.95,True,True,10.19
LOAN000137,794,6,8,20240404,160338.39,False,False,5.85
LOAN000138,973,3,5,20240127,163002.9,True,False,5.48
LOAN000139,283,7,8,20240118,136244.31,False,False,8.61
LOAN000140,2118,11,6,20250426,389086.58,False,False,6.84
LOAN000141,2075,6,5,20251112,145660.96,False,False,10.54
LOAN000142,927,8,8,20230401,12047.02,True,False,6.22
LOAN000143,616,14,7,20231022,204572.53,True,False,8.91
LOAN000144,2047,8,6,20231226,71915.57,True,False,7.4
LOAN000145,1356,6,6,20250729,255702.61,True,False,8.09
LOAN000146,642,8,5,20231107,259398.88,False,False,9.46
LOAN000147,1472,15,5,20230102,171958.96,True,False,4.07
LOAN000148,2011,5,6,20241231,26889.21,True,False,11.23
LOAN000149,2151,6,7,20250721,305483.81,True,False,10.38
LOAN000150,1155,8,6,20230621,418104.47,True,False,10.25
LOAN000151,2011,4,6,20240313,312150.97,True,True,9.4
LOAN000152,1345,11,5,20240324,117840.88,True,False,12.12
LOAN000153,28,9,8,20230324,244835.85,True,False,5.5
LOAN000154,968,10,8,20240712,96002.14,True,False,10.84
LOAN000155,898,4,7,20250107,114093.45,True,False,3.87
LOAN000156,642,9,7,20250807,193928.7,True,False,10.86
LOAN000157,1371,4,7,20240119,187668.96,True,False,10.73
LOAN000158,1949,4,7,20231228,372590.52,True,False,11.22
LOAN000159,2138,2,5,20240920,265827.13,True,False,9.8
LOAN000160,1016,10,8,20231031,119312.86,True,False,4.4
LOAN000161,1662,11,7,20241004,240685.67,True,False,3.6
LOAN000162,1328,9,5,20230321,210650.56,True,False,4.42
LOAN000163,894,15,7,20230812,50572.29,True,True,11.34
LOAN000164,1865,5,8,20250530,288952.15,False,False,9.31
LOAN000165,387,8,6,20230721,183205.55,False,False,7.22
LOAN000166,1620,11,5,20240702,137792.25,False,False,7.41
LOAN000167,1034,1,6,20240426,265032.03,True,False,5.18
LOAN000168,2191,5,5,20250811,119234.18,False,False,7.95
LOAN000169,2047,10,8,20240408,174381.58,True,False,10.88
LOAN000170,2213,8,7,20240522,370115.79,True,False,6.52
LOAN000171,2157,10,7,20250302,203956.29,False,False,12.29
LOAN000172,1012,11,6,20240630,372709.29,True,False,5.44
LOAN000173,316,10,6,20250519,127542.58,True,False,4.25
LOAN000174,1751,13,5,20240914,305664.77,True,False,6.35
LOAN000175,1557,7,5,20250628,242394.64,False,False,10.41
LOAN000176,707,9,5,20231102,376543.71,True,False,6.43
LOAN000177,1672,15,6,20230216,108286.63,True,False,11.14
LOAN000178,2073,7,5,20241007,172809.32,True,False,10.9
LOAN000179,1459,2,8,20241228,69093.89,True,False,11.71
LOAN000180,1501,4,6,20231028,218440.29,True,False,5.03
LOAN000181,420,13,5,20240503,241710.53,True,False,11.33
LOAN000182,677,13,6,20251208,176417.63,False,False,5.1
LOAN000183,1592,12,8,20251025,260297.16,False,False,11.01
LOAN000184,916,9,8,20241118,56366.49,True,False,3.87
LOAN000185,525,8,8,20240119,27219.49,True,False,5.57
LOAN000186,1730,13,6,20230801,5271.3,True,False,7.36
LOAN000187,812,10,8,20240514,314591.76,True,False,9.89
LOAN000188,1620,10,7,20241012,287246.76,True,False,6.17
LOAN000189,2165,7,6,20250319,331700.09,False,False,8.69
LOAN000190,654,10,8,20241024,387808.28,False,False,7.8
LOAN000191,66,13,8,20250829,82705.99,True,False,9.21
LOAN000192,581,6,5,20250123,69551.33,False,False,12.17
LOAN000193,2046,14,5,20230329,317071.77,True,False,10.31
LOAN000194,1757,6,8,20250605,306312.26,True,False,4.38
LOAN000195,993,2,7,20231214,210454.32,True,False,9.36
LOAN000196,1567,13,5,20240520,104751.43,True,False,9.62
LOAN000197,515,12,6,20240925,369308.69,True,False,5.97
LOAN000198,935,13,6,20230324,91422.28,True,False,11.45
LOAN000199,1838,7,6,20240729,4327.13,True,False,5.8
LOAN000200,57,3,6,20250207,184215.22,True,False,9.55
LOAN000201,2071,1,6,20230320,448684.45,True,False,6.84
LOAN000202,1761,12,8,20230601,427066.31,True,False,6.8
LOAN000203,755,4,8,20240804,313597.11,False,False,4.99
LOAN000204,497,11,5,20230406,208262.72,False,False,11.34
LOAN000205,323,2,5,20240308,145357.48,True,False,4.45
LOAN000206,1748,1,5,20250916,236175.57,False,False,7.46
LOAN000207,265,7,7,20230122,104833.75,True,False,11.65
LOAN000208,2212,7,5,20230129,271555.66,True,False,6.62
LOAN000209,1039,14,6,20241119,448266.8,True,False,4.74
LOAN000210,1375,14,8,20250223,381882.28,True,False,5.58
LOAN000211,565,9,6,20231207,109299.07,False,False,7.98
LOAN000212,2204,3,8,20230520,298550.0,False,False,9.71
LOAN000213,1151,12,5,20230315,11913.18,False,False,6.08
LOAN000214,1390,9,5,20230425,297950.63,True,False,11.51
LOAN000215,2095,5,8,20241220,302111.12,True,False,5.89
LOAN000216,1850,12,5,20250504,229482.19,True,False,9.33
LOAN000217,1771,13,7,20240818,62632.03,False,False,8.4
LOAN000218,1446,14,7,20251103,213306.47,True,False,6.53
LOAN000219,925,5,6,20230704,281344.88,False,False,9.23
LOAN000220,791,3,7,20240502,437218.52,True,False,7.35
LOAN000221,986,14,5,20250403,240007.69,True,False,4.92
LOAN000222,641,11,5,20230827,247666.33,True,False,3.82
LOAN000223,730,1,7,20230601,69145.15,False,False,5.04
LOAN000224,130,15,7,20240104,285422.32,False,False,8.61
LOAN000225,1042,12,7,20230909,359520.56,True,False,7.68
LOAN000226,1267,3,7,20250528,214735.59,True,False,4.95
LOAN000227,2052,6,7,20250907,334730.24,True,False,3.53
LOAN000228,1652,15,7,20231201,192351.11,True,False,5.19
LOAN000229,1502,13,8,20240628,347412.45,True,False,9.56
LOAN000230,732,14,8,20240814,318632.38,True,False,4.84
LOAN000231,1751,14,7,20250611,301628.7,True,False,9.72
LOAN000232,1843,5,5,20251022,3181.41,False,False,6.36
LOAN000233,1287,4,8,20231024,41105.11,True,False,9.63
LOAN000234,2176,15,8,20240509,97024.68,True,False,5.88
LOAN000235,1448,9,8,20230902,37091.43,False,False,7.85
LOAN000236,1828,8,7,20230721,16798.7,True,False,11.11
LOAN000237,276,1,6,20230222,13811.99,False,False,4.05
LOAN000238,1143,12,5,20240411,288902.17,True,False,11.75
LOAN000239,1188,6,6,20230102,401670.27,False,False,4.25
LOAN000240,345,10,5,20240416,131224.13,False,False,8.19
LOAN000241,1237,7,8,20230520,13927.43,True,False,8.26
LOAN000242,639,2,7,20230502,202599.01,False,False,8.8
LOAN000243,9,4,6,20241203,414301.07,False,False,5.97
LOAN000244,652,3,7,20250201,288315.25,True,False,7.37
LOAN000245,204,15,8,20250127,196937.67,True,False,9.33
LOAN000246,387,8,6,20251103,428198.71,True,False,11.27
LOAN000247,187,4,5,20230528,288506.06,True,False,7.65
LOAN000248,892,11,6,20250422,191948.46,True,False,10.58
LOAN000249,1038,9,6,20231114,99762.87,True,False,8.79
LOAN000250,1845,14,8,20230926,228219.29,True,False,9.34
LOAN000251,1756,14,8,20240523,85964.62,False,False,9.76
LOAN000252,2,3,5,20240924,282895.91,True,False,5.12
LOAN000253,1293,7,8,20250524,203430.52,False,False,9.61
LOAN000254,847,7,7,20230821,405918.71,False,False,4.6
LOAN000255,312,13,6,20231215,5915.26,True,False,4.99
LOAN000256,1111,5,5,20250916,445194.63,True,False,10.42
LOAN000257,1314,13,8,20250522,277237.32,False,False,4.7
LOAN000258,1569,2,8,20250723,188388.54,False,False,9.94
LOAN000259,1020,8,6,20251013,403356.1,True,False,6.94
LOAN000260,599,13,8,20240209,449861.07,True,False,4.76
LOAN000261,110,2,5,20250608,175347.29,True,False,11.38
LOAN000262,1836,13,6,20231212,293162.19,True,False,10.8
LOAN000263,1786,9,5,20250814,408694.01,True,False,8.07
LOAN000264,1111,8,8,20230126,107166.72,False,False,9.74
LOAN000265,1040,2,7,20241017,254438.9,True,False,10.45
LOAN000266,471,5,5,20230128,231247.76,True,False,10.8
LOAN000267,1244,14,5,20240621,406103.83,True,False,10.25
LOAN000268,378,1,8,20250619,335157.51,True,False,8.78
LOAN000269,1001,14,7,20230419,213295.62,True,False,12.25
LOAN000270,164,12,7,20250308,291010.41,False,False,11.06
LOAN000271,2154,6,6,20240621,228423.24,True,False,8.49
LOAN000272,1104,5,6,20230406,298974.28,False,False,10.06
LOAN000273,1967,5,7,20250417,202863.37,True,False,6.71
LOAN000274,1011,1,8,20250505,109260.13,True,False,7.31
LOAN000275,1373,4,6,20240714,96634.58,True,False,7.25
LOAN000276,1614,15,8,20230708,393847.44,False,False,12.29
LOAN000277,1534,2,5,20230421,260541.68,True,False,4.81
LOAN000278,1427,14,5,20250903,193544.9,False,False,8.92
LOAN000279,170,12,6,20250521,168105.75,False,False,5.35
LOAN000280,521,5,8,20230721,103617.27,True,False,7.77
LOAN000281,1083,1,6,20251220,98960.06,True,False,5.75
LOAN000282,326,8,6,20230218,393141.71,True,False,10.51
LOAN000283,819,9,5,20240227,26780.22,False,False,6.38
LOAN000284,1143,14,5,20251021,240306.05,True,False,4.05
LOAN000285,1650,2,7,20241206,308060.73,True,False,6.96
LOAN000286,1622,14,5,20250224,179935.96,True,False,5.89
LOAN000287,1076,11,7,20251204,151600.19,True,False,11.26
LOAN000288,1823,12,6,20240430,355294.13,True,False,11.92
LOAN000289,165,2,8,20240416,315150.83,True,False,8.7
LOAN000290,1744,9,5,20250216,118146.82,True,False,9.5
LOAN000291,427,15,5,20240219,407958.82,False,False,4.12
LOAN000292,1868,3,5,20231013,200495.46,True,False,4.84
LOAN000293,63,1,5,20250426,365156.18,True,False,9.03
LOAN000294,277,10,7,20250920,396082.89,False,False,4.07
LOAN000295,1181,7,7,20230919,407767.34,False,False,4.1
LOAN000296,1297,3,5,20240914,130847.4,False,False,4.91
LOAN000297,773,6,5,20250625,67132.78,False,False,5.05
LOAN000298,528,13,8,20231102,217137.61,False,False,10.56
LOAN000299,45,3,8,20231014,404428.22,True,False,8.6
LOAN000300,2140,1,8,20240701,72672.7,False,False,4.21
LOAN000301,320,9,5,20250912,223370.07,True,False,10.39
LOAN000302,964,5,7,20231021,279832.15,False,False,8.75
LOAN000303,482,14,8,20240725,23573.54,True,False,7.2
LOAN000304,1850,15,8,20240321,248571.97,True,False,8.88
LOAN000305,669,11,5,20231129,4154.01,True,False,5.3
LOAN000306,1093,6,8,20250826,427504.13,False,False,8.08
LOAN000307,1876,1,6,20230114,317231.71,False,False,6.27
LOAN000308,537,2,5,20240318,264246.65,True,False,6.71
LOAN000309,444,3,7,20240625,135037.58,False,False,7.2
LOAN000310,1812,2,6,20251110,208002.91,True,False,6.48
LOAN000311,43,12,5,20250811,117579.35,True,False,9.11
LOAN000312,896,12,5,20240106,172568.15,False,False,5.32
LOAN000313,1160,2,7,20241119,341748.73,True,False,10.01
LOAN000314,660,6,6,20240806,399293.49,True,False,8.5
LOAN000315,994,14,8,20240822,127187.78,True,False,11.27
LOAN000316,1861,2,7,20251106,127574.9,True,False,9.4
LOAN000317,714,7,5,20231007,87296.08,True,False,9.16
LOAN000318,1331,2,8,20240828,378704.02,True,False,8.36
LOAN000319,2039,3,6,20250308,212957.61,False,False,12.44
LOAN000320,1303,11,8,20230415,12058.54,True,True,6.49
LOAN000321,1951,7,6,20230510,413532.06,True,False,9.28
LOAN000322,1838,6,8,20231208,244859.58,True,False,9.24
LOAN000323,1020,8,6,20230810,146229.64,False,False,4.14
LOAN000324,2134,3,6,20240831,125266.23,True,False,6.53
LOAN000325,931,7,8,20230409,216979.58,True,False,7.05
LOAN000326,117,12,5,20240128,235409.0,True,False,5.26
LOAN000327,143,2,5,20240817,84453.71,False,False,6.67
LOAN000328,902,10,5,20240729,214224.38,True,False,6.58
LOAN000329,2060,13,5,20250308,260299.88,True,False,6.29
LOAN000330,2108,15,7,20250601,81371.71,True,False,11.27
LOAN000331,871,10,5,20240720,91869.74,False,False,12.2
LOAN000332,429,14,6,20250624,444357.03,True,False,9.77
LOAN000333,1251,10,5,20250316,226896.45,True,False,10.66
LOAN000334,332,2,8,20241205,393194.82,False,False,9.89
LOAN000335,1787,4,5,20230414,47716.05,True,False,3.53
LOAN000336,589,15,5,20230427,87971.79,True,False,5.2
LOAN000337,1055,3,6,20231017,83767.84,True,False,8.09
LOAN000338,269,12,6,20231201,234997.84,True,False,10.01
LOAN000339,1906,10,5,20230114,92257.58,True,True,4.33
LOAN000340,654,7,6,20250109,300408.91,True,False,7.86
LOAN000341,1526,8,6,20251225,300511.65,True,False,6.93
LOAN000342,47,3,6,20240622,338356.4,False,False,9.64
LOAN000343,1847,2,5,20230611,293353.15,True,False,3.75
LOAN000344,2028,3,5,20251113,386439.62,True,False,6.89
LOAN000345,559,10,7,20231218,62755.76,True,False,10.3
LOAN000346,2213,3,7,20241125,219940.76,True,False,3.79
LOAN000347,92,12,6,20230131,352278.42,False,False,7.42
LOAN000348,71,6,7,20240319,340206.82,True,False,10.3
LOAN000349,1542,8,8,20240126,46771.42,False,False,9.02
LOAN000350,761,9,6,20250924,163341.4,True,False,8.42
LOAN000351,1111,8,8,20250324,41669.05,True,True,8.79
LOAN000352,378,9,8,20240110,350337.93,False,False,12.38
LOAN000353,1785,9,8,20231002,145485.24,True,False,4.9
LOAN000354,1764,9,7,20250724,165923.74,True,False,3.67
LOAN000355,859,1,6,20241118,185130.45,False,False,11.73
LOAN000356,607,10,8,20231104,89069.29,False,False,7.8
LOAN000357,1738,13,6,20250327,258532.44,True,False,5.12
LOAN000358,1444,11,7,20251105,149887.27,True,False,11.7
LOAN000359,1368,15,6,20230319,134486.47,True,True,9.22
LOAN000360,1679,12,8,20240927,63354.46,True,False,9.53
LOAN000361,927,4,7,20251220,127056.7,False,False,5.58
LOAN000362,2112,11,8,20230817,57626.0,True,False,3.92
LOAN000363,834,10,5,20250718,435601.15,True,False,7.23
LOAN000364,808,11,8,20231008,350371.75,True,True,11.78
LOAN000365,1750,10,7,20230819,93401.16,True,False,11.33
LOAN000366,1466,10,7,20250802,319195.0,True,False,8.7
LOAN000367,313,5,5,20250713,364466.86,True,True,4.5
LOAN000368,617,2,6,20250620,120092.95,True,False,4.68
LOAN000369,721,10,5,20250423,403394.82,True,False,4.39
LOAN000370,795,5,5,20231209,441017.79,True,False,4.49
LOAN000371,1822,2,5,20230825,298495.22,True,False,9.44
LOAN000372,2082,11,8,20240927,419198.29,False,False,6.41
LOAN000373,1786,10,7,20240126,150741.34,True,False,11.12
LOAN000374,1893,4,8,20240309,440401.85,True,False,3.77
LOAN000375,1884,1,8,20240921,286621.98,True,False,5.69
LOAN000376,688,11,5,20230417,328127.11,False,False,10.45
LOAN000377,345,2,6,20251107,343611.45,True,False,7.42
LOAN000378,1341,11,5,20241228,72695.02,True,False,8.76
LOAN000379,1639,4,6,20251208,355489.06,True,False,11.71
LOAN000380,1674,15,7,20240826,204784.66,False,False,5.71
LOAN000381,378,9,6,20240818,55232.47,True,False,10.68
LOAN000382,1894,11,6,20250201,241813.22,True,False,9.57
LOAN000383,2098,11,5,20240223,73339.7,False,False,3.56
LOAN000384,1602,4,6,20240403,435476.56,True,False,10.8
LOAN000385,1609,10,8,20230205,181211.83,True,False,7.61
LOAN000386,1105,4,6,20251213,418221.28,True,False,5.37
LOAN000387,1360,14,7,20250122,361667.25,True,False,3.66
LOAN000388,618,4,7,20240131,394319.33,False,False,8.8
LOAN000389,443,13,5,20241111,215954.93,True,False,9.86
LOAN000390,1070,5,8,20231105,32307.71,True,False,5.26
LOAN000391,757,4,6,20250622,184329.32,False,False,9.06
LOAN000392,1337,1,8,20250417,66757.63,True,False,6.92
LOAN000393,936,1,6,20250224,118879.99,True,False,9.31
LOAN000394,1184,14,6,20250309,413836.75,True,False,4.99
LOAN000395,1597,6,5,20240104,86788.99,False,False,8.9
LOAN000396,805,4,5,20250908,205196.0,False,False,9.96
LOAN000397,834,5,7,20251022,130972.63,True,False,8.4
LOAN000398,896,7,7,20251210,175299.01,True,False,6.03
LOAN000399,2203,9,7,20231124,328724.79,True,False,10.66
LOAN000400,2113,3,6,20250925,149370.25,True,False,9.11
LOAN000401,6,9,5,20241231,82008.94,True,False,10.62
LOAN000402,1369,14,7,20240828,128000.34,False,False,5.04
LOAN000403,1454,4,7,20240825,423102.71,False,False,7.3
LOAN000404,847,4,8,20250917,290287.96,True,False,10.78
LOAN000405,232,1,6,20250401,309391.76,True,False,8.58
LOAN000406,450,14,5,20231226,168482.83,False,False,11.77
LOAN000407,1595,10,8,20230602,61826.82,False,False,11.46
LOAN000408,681,5,8,20230225,320012.28,True,False,8.64
LOAN000409,1520,3,5,20240429,147487.0,True,False,4.81
LOAN000410,1292,2,7,20250331,200535.93,True,False,10.55
LOAN000411,331,3,8,20251103,335898.76,True,False,9.31
LOAN000412,746,9,6,20250629,446639.85,True,False,12.25
LOAN000413,1904,8,6,20240918,181202.18,True,False,5.23
LOAN000414,706,11,6,20240604,209799.54,False,False,11.1
LOAN000415,2031,2,5,20240924,207436.26,True,False,6.52
LOAN000416,320,7,5,20250901,334071.71,False,False,9.35
LOAN000417,36,9,6,20230804,435976.56,False,False,8.44
LOAN000418,222,3,6,20250519,435427.54,False,False,6.12
LOAN000419,2088,13,8,20250416,389441.22,True,False,6.66
LOAN000420,361,11,6,20250808,364734.73,True,True,11.83
LOAN000421,2179,2,7,20240822,281189.61,True,False,10.06
LOAN000422,923,3,5,20230710,431470.58,True,False,6.88
LOAN000423,1166,13,5,20240819,231189.51,False,False,11.58
LOAN000424,228,1,5,20250418,303421.52,False,False,11.36
LOAN000425,1272,7,7,20240525,278978.02,False,False,10.16
LOAN000426,439,9,8,20240623,7851.97,False,False,6.56
LOAN000427,1489,14,8,20230311,347148.49,True,False,7.14
LOAN000428,1979,9,5,20250519,164555.33,True,False,12.06
LOAN000429,1475,15,8,20230404,249541.72,True,False,5.23
LOAN000430,2208,3,7,20250609,213557.56,True,False,8.17
LOAN000431,1063,10,6,20231011,444951.77,True,False,9.96
LOAN000432,1466,4,6,20250301,234692.15,True,False,7.39
LOAN000433,1773,4,8,20250331,412141.74,True,False,9.31
LOAN000434,811,15,5,20250830,161526.88,True,False,7.68
LOAN000435,1020,6,7,20250705,126599.9,True,True,12.14
LOAN000436,1892,3,6,20231114,316471.4,True,False,7.03
LOAN000437,343,10,7,20240319,84079.51,True,False,5.09
LOAN000438,224,12,8,20240814,216028.51,False,False,7.71
LOAN000439,1025,7,6,20231012,189169.31,False,False,11.17
LOAN000440,884,6,7,20250815,440674.04,False,False,6.69
LOAN000441,1528,9,6,20240503,133985.56,False,False,10.43
LOAN000442,61,1,8,20240630,203507.24,True,False,5.46
LOAN000443,1483,10,8,20230526,83060.79,False,False,6.03
LOAN000444,2041,9,6,20240323,2592.99,True,False,11.97
LOAN000445,963,11,8,20250826,194751.5,True,False,4.25
LOAN000446,1341,5,7,20240213,75900.79,True,False,6.41
LOAN000447,1929,15,8,20240410,249158.89,False,False,9.83
LOAN000448,1392,2,6,20240923,139917.33,False,False,12.12
LOAN000449,1613,15,6,20230207,342619.73,True,False,10.93
LOAN000450,944,13,6,20250829,146993.27,False,False,6.93
LOAN000451,1506,11,6,20250602,243051.68,False,False,7.57
LOAN000452,269,5,8,20250705,118431.52,True,False,12.48
LOAN000453,789,7,6,20230221,382064.2,True,False,5.64
LOAN000454,1624,4,6,20230904,401794.55,True,False,8.78
LOAN000455,844,9,7,20230907,7627.8,True,False,6.62
LOAN000456,382,12,5,20251028,13528.28,False,False,4.29
LOAN000457,680,14,8,20240801,82181.83,True,False,7.86
LOAN000458,1473,11,6,20231116,172817.34,False,False,4.84
LOAN000459,367,10,5,20251127,178760.83,True,False,6.24
LOAN000460,900,4,6,20241003,185749.86,False,False,5.05
LOAN000461,1935,3,5,20230701,275150.55,True,False,3.9
LOAN000462,1028,5,8,20250618,175768.99,False,False,11.55
LOAN000463,10,8,6,20251206,190012.28,True,False,7.47
LOAN000464,1297,15,8,20241224,32467.88,True,False,8.95
LOAN000465,849,12,8,20240310,421508.45,False,False,6.12
LOAN000466,2174,1,6,20230727,178176.74,False,False,8.79
LOAN000467,1122,10,5,20241208,43758.6,True,False,12.05
LOAN000468,1146,14,7,20231013,211483.31,False,False,4.54
LOAN000469,76,12,6,20240212,152181.81,True,False,6.86
LOAN000470,1524,8,6,20230625,156729.13,True,False,9.74
LOAN000471,1158,6,6,20230123,156793.29,False,False,6.41
LOAN000472,1731,5,6,20250920,146295.66,True,False,10.5
LOAN000473,855,12,5,20240805,140154.92,False,False,3.63
LOAN000474,1486,8,6,20230517,165759.74,True,False,6.0
LOAN000475,813,9,6,20230513,409239.73,True,False,7.8
LOAN000476,2173,8,7,20240924,107089.75,True,False,12.33
LOAN000477,1195,9,8,20240511,112541.42,False,False,10.37
LOAN000478,1806,13,8,20251203,292998.68,False,False,7.66
LOAN000479,2003,11,8,20250927,183814.13,True,False,11.35
LOAN000480,422,6,6,20230104,214836.91,False,False,6.88
LOAN000481,2105,2,6,20250621,160704.09,True,False,5.98
LOAN000482,43,10,5,20250126,185216.75,True,False,4.58
LOAN000483,1966,13,7,20231111,31175.12,True,False,8.37
LOAN000484,1576,13,7,20230923,205509.16,True,False,5.06
LOAN000485,382,10,5,20250525,49846.05,False,False,4.79
LOAN000486,575,12,8,20230203,143229.54,True,False,7.56
LOAN000487,1946,5,5,20250502,88620.85,False,False,10.3
LOAN000488,447,2,8,20231122,88609.32,True,False,4.62
LOAN000489,1822,8,5,20231029,447560.58,False,False,7.53
LOAN000490,116,15,6,20250308,78163.14,True,False,11.55
LOAN000491,1600,14,6,20231113,105529.05,True,False,11.83
LOAN000492,1905,1,8,20250426,55294.46,True,False,11.08
LOAN000493,2047,10,8,20250406,84551.66,False,False,11.95
LOAN000494,477,14,8,20250623,259261.15,False,False,5.21
LOAN000495,532,1,5,20230210,380479.38,True,True,7.02
LOAN000496,1421,2,8,20230628,330300.41,True,False,9.29
LOAN000497,1518,3,6,20231210,322003.95,True,False,6.59
LOAN000498,1537,15,8,20240329,422593.82,True,False,8.54
LOAN000499,1422,9,7,20230929,36747.15,False,False,4.1
LOAN000500,237,15,5,20240716,332726.87,True,False,11.15
LOAN000501,708,14,5,20251013,313485.28,True,False,6.0
LOAN000502,1724,3,5,20241111,103204.97,False,False,8.59
LOAN000503,1314,15,7,20230327,90157.22,True,False,6.91
LOAN000504,354,3,6,20240610,283653.67,True,False,6.06
LOAN000505,252,7,6,20230525,170196.64,True,False,6.74
LOAN000506,993,5,8,20231020,208314.53,False,False,9.57
LOAN000507,914,5,7,20250220,352492.43,True,False,9.49
LOAN000508,1549,1,8,20240522,13723.19,True,False,11.57
LOAN000509,2030,6,8,20240712,262372.58,True,True,11.78
LOAN000510,1833,14,8,20231222,433814.79,True,False,7.71
LOAN000511,671,1,6,20230428,412531.79,True,False,6.79
LOAN000512,1929,8,8,20230610,118649.46,True,False,4.16
LOAN000513,518,4,5,20230623,204420.04,False,False,9.7
LOAN000514,2059,15,8,20240108,439622.38,True,False,8.19
LOAN000515,287,12,7,20230306,331044.72,False,False,11.57
LOAN000516,1925,4,7,20230621,245347.02,False,False,5.0
LOAN000517,1955,4,7,20230408,381997.37,True,False,8.67
LOAN000518,553,14,8,20230720,341813.04,True,False,9.43
LOAN000519,1135,12,6,20250216,29344.8,False,False,5.02
LOAN000520,1123,14,8,20251127,130239.89,True,False,6.06
LOAN000521,57,6,5,20250802,377960.57,True,False,8.88
LOAN000522,852,9,7,20250806,39352.15,True,False,6.98
LOAN000523,1161,4,7,20240116,251236.15,True,False,5.76
LOAN000524,925,10,8,20240407,19845.59,True,False,6.92
LOAN000525,1948,14,7,20240212,208612.63,True,False,11.64
LOAN000526,1573,14,6,20250813,408948.04,True,False,8.0
LOAN000527,2208,9,8,20251222,213229.56,True,False,9.26
LOAN000528,1256,5,6,20240411,117639.58,True,False,6.07
LOAN000529,1453,10,6,20231210,3145.92,True,False,4.2
LOAN000530,114,13,6,20250817,81969.63,True,False,9.27
LOAN000531,1138,7,5,20241118,97270.45,True,False,4.62
LOAN000532,1795,10,8,20251225,278104.52,True,False,9.37
LOAN000533,1519,8,8,20250111,28733.56,True,False,10.46
LOAN000534,623,9,8,20240922,273558.37,True,False,7.07
LOAN000535,672,2,7,20250402,442465.67,False,False,3.59
LOAN000536,1005,4,8,20250209,246093.57,True,False,4.94
LOAN000537,1720,8,8,20230418,149541.08,True,False,4.7
LOAN000538,2023,2,5,20241103,301360.1,False,False,7.11
LOAN000539,1586,7,6,20250602,443862.18,True,False,9.38
LOAN000540,120,4,5,20231221,412966.0,False,False,5.67
LOAN000541,1338,5,7,20240131,144815.26,False,False,6.76
LOAN000542,1903,1,7,20240327,377654.73,False,False,5.41
LOAN000543,2034,4,7,20251202,426130.91,True,False,3.89
LOAN000544,2184,10,7,20251221,400656.39,True,True,7.56
LOAN000545,1803,8,7,20240524,237602.32,True,False,12.48
LOAN000546,1461,8,7,20230525,391781.5,True,False,11.64
LOAN000547,1164,6,5,20251221,264319.68,True,False,12.11
LOAN000548,1719,3,5,20250326,310136.83,True,False,10.87
LOAN000549,2147,11,5,20240615,324978.39,True,False,10.53
LOAN000550,986,12,6,20251130,287810.99,False,False,10.04
LOAN000551,73,7,8,20250920,197300.44,True,False,9.86
LOAN000552,469,9,5,20250412,126011.13,True,False,9.21
LOAN000553,1579,8,8,20250220,236641.09,True,False,11.59
LOAN000554,340,2,7,20230416,303603.83,False,False,8.87
LOAN000555,1894,14,5,20230201,142257.2,True,False,11.27
LOAN000556,1156,15,5,20230218,26262.65,False,False,11.6
LOAN000557,1279,7,8,20240719,294533.96,True,False,5.21
LOAN000558,420,12,7,20230813,406541.99,False,False,6.44
LOAN000559,1776,2,7,20240410,77386.12,True,False,6.37
LOAN000560,980,3,6,20240927,432560.4,False,False,10.27
LOAN000561,887,7,5,20230824,412723.32,True,False,6.19
LOAN000562,2210,12,8,20230118,38932.8,True,True,8.56
LOAN000563,1000,12,5,20231231,218384.35,True,False,9.99
LOAN000564,899,14,5,20250108,245118.48,False,False,7.07
LOAN000565,551,8,8,20230910,4099.26,True,False,7.71
LOAN000566,1869,1,7,20240927,56047.98,False,False,11.8
LOAN000567,629,3,7,20250102,414924.44,True,False,10.73
LOAN000568,1784,1,7,20240802,72724.27,True,False,4.83
LOAN000569,1280,12,5,20250913,254362.98,True,False,10.05
LOAN000570,1020,1,8,20230211,407233.59,False,False,11.55
LOAN000571,363,13,7,20241127,71586.76,True,True,12.46
LOAN000572,850,11,7,20240717,72245.27,False,False,11.06
LOAN000573,1996,2,5,20251204,264951.61,True,False,9.6
LOAN000574,718,2,7,20230607,272579.36,True,False,11.33
LOAN000575,977,5,8,20250306,287419.76,True,False,11.14
LOAN000576,194,3,5,20240714,71156.85,True,False,11.3
LOAN000577,1776,10,5,20251218,446843.09,False,False,9.45
LOAN000578,307,14,6,20241217,439409.77,True,False,5.48
LOAN000579,1886,14,6,20231012,373518.84,True,False,5.02
LOAN000580,1163,8,6,20251205,233142.36,True,False,9.48
LOAN000581,349,10,5,20241010,297797.49,True,False,9.54
LOAN000582,1001,15,6,20230127,145774.26,True,False,12.26
LOAN000583,1417,4,6,20250725,4935.74,True,False,9.09
LOAN000584,1048,15,6,20230926,390017.15,True,False,11.52
LOAN000585,1710,2,8,20240217,324652.02,False,False,8.67
LOAN000586,394,3,6,20230327,206886.1,True,False,7.55
LOAN000587,2207,7,5,20240403,192444.41,True,True,9.8
LOAN000588,963,2,6,20230928,329581.38,False,False,8.13
LOAN000589,1987,11,8,20231125,333883.67,True,False,8.26
LOAN000590,1209,14,7,20250203,45613.56,False,False,11.16
LOAN000591,1067,8,8,20240819,391975.24,True,False,5.9
LOAN000592,569,3,5,20230827,354322.17,False,False,8.1
LOAN000593,968,11,8,20241226,57564.18,False,False,7.08
LOAN000594,2119,8,8,20241201,36295.28,True,False,10.58
LOAN000595,1161,12,6,20240404,89912.59,True,False,4.98
LOAN000596,443,7,8,20240329,95424.86,False,False,5.54
LOAN000597,435,8,8,20230204,303930.58,True,False,9.25
LOAN000598,344,11,6,20230603,59942.81,True,False,10.02
LOAN000599,259,15,5,20230605,158377.58,True,False,7.62
LOAN000600,1241,4,7,20240407,57937.26,False,False,9.88
LOAN000601,411,8,8,20231006,170547.52,False,False,9.19
LOAN000602,944,5,8,20250225,193394.98,False,False,3.94
LOAN000603,1259,14,8,20230323,317163.33,True,False,8.47
LOAN000604,1420,1,6,20250209,196541.73,True,False,5.31
LOAN000605,73,5,6,20240216,281705.76,False,False,5.98
LOAN000606,1262,5,6,20240603,194270.09,True,False,4.01
LOAN000607,1325,3,8,20230829,349982.44,True,False,4.31
LOAN000608,2078,5,5,20230424,401096.14,True,False,11.31
LOAN000609,569,1,6,20240916,437048.29,False,False,11.68
LOAN000610,986,7,7,20240312,437190.63,True,False,11.49
LOAN000611,274,7,5,20240808,52403.86,True,False,7.44
LOAN000612,225,9,7,20240916,36118.05,True,False,8.41
LOAN000613,170,9,8,20240126,239331.03,True,False,11.8
LOAN000614,804,4,8,20230204,436423.25,True,False,5.84
LOAN000615,1832,3,7,20240314,262876.16,False,False,7.68
LOAN000616,1219,15,8,20241101,246937.36,True,False,8.29
LOAN000617,864,1,6,20230131,411527.74,False,False,11.57
LOAN000618,1207,1,8,20251006,56986.03,False,False,6.61
LOAN000619,2022,10,8,20241218,339243.23,True,False,9.66
LOAN000620,824,13,8,20250513,284774.26,False,False,12.44
LOAN000621,662,14,6,20250412,152946.91,False,False,8.14
LOAN000622,1759,11,8,20251231,440659.37,True,False,9.76
LOAN000623,336,1,8,20250424,292608.76,True,False,4.89
LOAN000624,1948,9,5,20230905,112502.29,True,False,6.9
LOAN000625,1212,8,6,20230524,210251.5,True,False,7.97
LOAN000626,550,9,5,20250929,406157.46,True,False,4.46
LOAN000627,306,11,8,20250727,113261.95,True,False,4.79
LOAN000628,225,8,6,20240923,331419.21,True,False,12.24
LOAN000629,854,5,7,20230920,402494.44,True,False,10.01
LOAN000630,1605,7,6,20240714,11642.22,False,False,6.62
LOAN000631,1611,4,7,20230519,388900.89,True,False,9.38
LOAN000632,1095,5,7,20250128,95901.39,True,False,7.7
LOAN000633,1880,14,7,20230113,41387.32,True,False,8.19
LOAN000634,1812,15,6,20251007,405660.74,True,False,3.85
LOAN000635,547,12,8,20241114,277023.4,True,True,5.6
LOAN000636,640,11,5,20241024,445692.51,False,False,4.09
LOAN000637,2019,11,8,20240213,278546.54,True,False,5.81
LOAN000638,1683,5,8,20231128,397343.45,True,False,4.6
LOAN000639,1853,15,8,20230902,194305.17,True,False,5.17
LOAN000640,1118,12,6,20240522,360150.79,True,False,6.66
LOAN000641,2110,9,7,20230406,85647.51,True,False,10.03
LOAN000642,667,13,6,20251127,368113.36,False,False,7.66
LOAN000643,1339,6,5,20240123,171724.53,True,False,9.19
LOAN000644,427,13,5,20250220,293825.67,True,False,9.45
LOAN000645,1691,1,5,20241021,125539.42,False,False,11.97
LOAN000646,1572,6,5,20230403,97623.02,False,False,6.87
LOAN000647,1462,11,5,20240214,129094.89,False,False,11.88
LOAN000648,45,6,7,20250726,373109.82,True,False,10.8
LOAN000649,284,14,8,20240520,4110.12,True,False,9.67
LOAN000650,1483,3,5,20230815,105162.62,False,False,12.21
LOAN000651,1128,7,8,20240223,239776.63,False,False,8.58
LOAN000652,928,6,8,20241028,161704.31,True,False,8.33
LOAN000653,1053,7,6,20251023,337882.26,True,False,8.56
LOAN000654,1263,14,7,20230613,289285.77,True,False,7.75
LOAN000655,1710,8,7,20240221,322947.07,True,False,11.6
LOAN000656,1573,6,6,20230723,24870.94,False,False,4.47
LOAN000657,1641,7,6,20240415,309152.88,True,False,6.9
LOAN000658,1147,3,7,20231011,128165.06,True,False,5.11
LOAN000659,683,10,7,20230111,258541.05,False,False,6.63
LOAN000660,1653,1,6,20230210,229566.45,True,False,12.13
LOAN000661,65,2,6,20231020,341703.91,False,False,10.66
LOAN000662,228,15,8,20231015,57640.66,False,False,6.42
LOAN000663,290,15,6,20250820,49593.49,False,False,12.22
LOAN000664,303,3,7,20230426,307620.05,True,False,3.67
LOAN000665,1294,6,7,20250605,215026.16,False,False,5.87
LOAN000666,870,12,6,20250306,243901.57,False,False,5.11
LOAN000667,1399,12,6,20250309,27471.26,True,False,6.41
LOAN000668,811,3,5,20231224,134387.19,True,False,9.95
LOAN000669,2174,10,8,20250712,214597.89,False,False,6.12
LOAN000670,1491,8,5,20230120,257552.87,True,False,4.14
LOAN000671,2204,9,8,20250504,298733.97,False,False,4.83
LOAN000672,752,14,6,20250906,127305.32,True,False,6.04
LOAN000673,1974,11,6,20231127,210701.66,True,False,12.08
LOAN000674,1315,4,7,20251029,147447.34,True,False,6.03
LOAN000675,523,1,5,20240102,77623.29,False,False,7.03
LOAN000676,342,1,6,20250921,83554.42,True,False,4.74
LOAN000677,1040,9,7,20231113,386096.66,False,False,3.97
LOAN000678,296,2,6,20250116,320449.65,True,False,5.32
LOAN000679,285,9,8,20250614,7248.33,True,False,10.66
LOAN000680,2032,11,8,20230505,316623.91,True,False,6.51
LOAN000681,1151,12,6,20240718,37540.98,True,False,6.75
LOAN000682,2086,6,5,20251105,83234.76,True,False,11.89
LOAN000683,1639,7,5,20231231,239271.15,True,True,12.17
LOAN000684,1130,7,8,20250121,159388.73,False,False,8.51
LOAN000685,2181,1,5,20230319,87175.3,False,False,10.78
LOAN000686,2193,15,5,20230325,20412.94,False,False,9.76
LOAN000687,1941,12,8,20240720,177463.72,True,False,8.71
LOAN000688,917,1,5,20230220,267332.09,True,False,9.9
LOAN000689,546,12,5,20230803,93509.47,True,False,8.28
LOAN000690,1894,9,8,20250726,193262.82,True,True,6.04
LOAN000691,71,3,5,20250824,224086.06,False,False,12.07
LOAN000692,2080,8,7,20240615,427100.46,True,False,6.01
LOAN000693,2018,10,5,20230210,398124.81,True,False,11.39
LOAN000694,472,8,5,20250408,113813.92,False,False,8.89
LOAN000695,81,5,5,20230314,391731.22,True,False,8.13
LOAN000696,709,1,8,20240212,167656.72,True,False,9.36
LOAN000697,599,9,6,20250516,79246.43,True,False,4.96
LOAN000698,1557,13,7,20250329,375025.47,True,False,3.88
LOAN000699,235,3,6,20251219,362026.23,True,False,6.11
LOAN000700,278,10,6,20250620,218438.88,False,False,8.39
LOAN000701,944,2,6,20250505,345647.03,False,False,11.45
LOAN000702,1627,6,8,20250920,362292.41,False,False,8.65
LOAN000703,967,2,6,20240629,157910.12,True,False,8.24
LOAN000704,1943,9,7,20230614,15449.71,True,False,5.7
LOAN000705,1780,9,6,20230318,166037.6,False,False,6.38
LOAN000706,1490,7,8,20240616,44625.83,True,False,3.96
LOAN000707,358,1,7,20240802,190480.22,True,False,4.17
LOAN000708,1795,4,5,20251229,130221.21,False,False,7.77
LOAN000709,411,13,8,20250603,96062.65,True,False,4.22
LOAN000710,2164,2,6,20250213,195595.71,True,False,7.54
LOAN000711,1320,8,7,20230509,412195.2,True,False,4.65
LOAN000712,646,3,7,20230412,277517.93,True,False,6.38
LOAN000713,1001,9,5,20230215,57371.83,True,False,7.04
LOAN000714,876,10,8,20250217,193716.04,True,False,6.77
LOAN000715,929,8,6,20231109,345048.27,False,False,11.05
LOAN000716,1532,8,6,20240531,68631.83,True,False,5.01
LOAN000717,1437,4,5,20241225,190705.48,True,False,6.38
LOAN000718,1209,13,5,20230912,369168.98,False,False,12.47
LOAN000719,970,9,8,20240221,83137.45,True,False,10.36
LOAN000720,1972,11,5,20250602,274046.57,False,False,9.3
LOAN000721,2023,4,5,20251126,120469.78,False,False,4.37
LOAN000722,952,12,6,20241228,245378.74,False,False,9.02
LOAN000723,1712,10,7,20241007,433445.93,True,False,9.58
LOAN000724,813,7,7,20231221,200770.57,True,False,12.45
LOAN000725,1576,1,7,20251129,169211.06,True,False,4.96
LOAN000726,1882,13,8,20250924,278855.06,True,False,5.9
LOAN000727,2097,13,8,20250627,415147.77,True,True,7.35
LOAN000728,1810,6,7,20250407,69028.12,True,False,4.77
LOAN000729,1195,10,6,20231026,293038.45,False,False,6.79
LOAN000730,605,15,6,20231223,164948.6,True,False,9.01
LOAN000731,426,11,7,20240727,101237.32,False,False,4.81
LOAN000732,593,1,7,20230204,296453.6,False,False,3.55
LOAN000733,225,8,7,20241029,408499.51,True,False,5.15
LOAN000734,1176,12,6,20240818,202639.51,False,False,5.4
LOAN000735,262,3,7,20240810,99762.41,True,False,11.02
LOAN000736,937,7,7,20231225,264095.01,False,False,6.3
LOAN000737,452,8,8,20240508,114492.23,False,False,5.42
LOAN000738,815,3,7,20251024,250392.86,True,False,10.08
LOAN000739,984,7,7,20240516,115580.27,False,False,6.49
LOAN000740,215,1,7,20240307,324723.79,True,False,10.14
LOAN000741,1380,6,5,20230727,94880.77,False,False,6.94
LOAN000742,1128,11,7,20241203,391741.06,True,True,10.16
LOAN000743,1323,14,7,20250222,74797.91,True,False,6.97
LOAN000744,1550,11,7,20240820,438035.61,True,False,8.23
LOAN000745,24,10,5,20250810,324267.08,True,False,4.33
LOAN000746,1119,10,7,20250312,374964.46,True,False,8.94
LOAN000747,1193,10,7,20230120,80668.99,True,False,6.92
LOAN000748,644,13,7,20230823,39196.36,True,False,10.49
LOAN000749,1794,2,7,20231016,335705.79,False,False,7.91
LOAN000750,397,5,8,20250509,204503.35,True,False,7.67
LOAN000751,122,14,6,20251101,18785.12,True,False,6.81
LOAN000752,1150,13,6,20230908,59569.78,True,False,5.16
LOAN000753,1200,2,7,20250322,433028.29,True,True,5.86
LOAN000754,1899,9,5,20240101,218663.99,True,False,11.49
LOAN000755,1354,11,6,20240709,187244.14,True,False,8.26
LOAN000756,1599,12,6,20251227,77616.9,True,False,6.07
LOAN000757,2035,15,5,20230130,228739.14,True,False,6.78
LOAN000758,60,15,6,20230602,19138.55,True,False,7.11
LOAN000759,644,2,7,20240222,367167.38,True,False,4.54
LOAN000760,692,1,6,20240413,10391.66,True,True,4.57
LOAN000761,1089,9,5,20251001,309717.85,False,False,10.65
LOAN000762,1564,1,6,20230302,23829.5,True,True,11.49
LOAN000763,1442,11,8,20230602,283041.76,True,False,8.16
LOAN000764,1623,8,5,20231121,115609.17,False,False,6.85
LOAN000765,1557,8,7,20250812,426244.03,True,False,11.7
LOAN000766,331,1,6,20251025,282208.12,True,False,8.71
LOAN000767,291,14,5,20231111,96324.01,True,False,12.08
LOAN000768,561,6,6,20240210,340415.49,True,True,6.94
LOAN000769,612,3,6,20230207,367492.52,True,False,5.41
LOAN000770,1791,5,7,20231116,97526.44,True,False,10.62
LOAN000771,940,6,8,20230602,252569.98,False,False,8.5
LOAN000772,970,1,8,20230823,259004.53,False,False,4.63
LOAN000773,92,2,8,20240621,158602.47,False,False,8.66
LOAN000774,1439,8,6,20240626,112919.62,True,False,8.04
LOAN000775,1367,12,7,20250710,251551.79,True,False,11.99
LOAN000776,1585,1,5,20251027,112107.56,False,False,7.45
LOAN000777,1297,14,5,20241102,441717.02,True,False,5.18
LOAN000778,931,14,8,20240525,351448.73,True,False,5.09
LOAN000779,1668,11,6,20250624,382820.86,True,False,7.89
LOAN000780,1070,3,5,20230606,437528.35,False,False,5.03
LOAN000781,509,8,7,20250725,310191.0,True,True,9.76
LOAN000782,687,1,8,20240807,324056.2,True,False,4.41
LOAN000783,63,8,7,20231109,131275.32,True,False,6.54
LOAN000784,535,2,6,20250831,147280.85,True,False,9.58
LOAN000785,1584,5,6,20241022,26563.69,True,False,10.07
LOAN000786,1047,13,6,20241102,237909.8,True,False,5.06
LOAN000787,1662,1,6,20231127,103301.17,True,False,4.38
LOAN000788,420,6,8,20231005,207658.37,True,False,8.85
LOAN000789,761,9,8,20251121,262275.48,True,False,12.16
LOAN000790,1706,6,7,20240731,134592.78,False,False,10.36
LOAN000791,316,11,8,20240625,325938.74,True,False,4.05
LOAN000792,1590,9,6,20231128,418642.27,False,False,11.88
LOAN000793,215,14,7,20230321,179558.16,False,False,7.26
LOAN000794,13,5,8,20230307,369179.42,True,True,7.96
LOAN000795,1669,8,7,20241002,360041.91,True,False,3.83
LOAN000796,1121,8,5,20230903,114121.23,True,False,4.32
LOAN000797,757,4,7,20230529,205480.73,True,False,11.19
LOAN000798,1204,2,7,20230319,257264.91,True,False,8.18
LOAN000799,2145,11,8,20250414,166015.89,True,False,4.07
LOAN000800,1314,4,6,20250922,345351.53,True,False,8.64
LOAN000801,531,7,6,20241126,419072.55,False,False,7.39
LOAN000802,667,4,5,20240908,181871.84,True,False,12.27
LOAN000803,1317,10,6,20240228,65238.56,True,False,5.77
LOAN000804,2095,8,6,20250520,220697.57,True,False,8.21
LOAN000805,345,8,5,20250919,247825.05,True,False,5.41
LOAN000806,834,11,8,20250706,417227.93,False,False,9.83
LOAN000807,750,8,5,20240405,117781.05,False,False,6.15
LOAN000808,556,2,8,20230209,396400.59,True,False,6.92
LOAN000809,977,2,5,20240910,251250.79,True,False,4.58
LOAN000810,815,6,5,20241216,114776.29,True,False,7.25
LOAN000811,850,3,8,20230202,295949.55,True,False,6.02
LOAN000812,78,6,6,20231022,427941.16,False,False,5.48
LOAN000813,59,6,8,20230902,350950.29,True,True,6.78
LOAN000814,416,4,8,20230822,375363.59,True,False,11.81
LOAN000815,1490,13,6,20240222,85782.97,False,False,7.92
LOAN000816,228,1,8,20251113,71155.91,True,False,9.85
LOAN000817,817,3,7,20251217,374842.66,True,False,7.01
LOAN000818,984,6,5,20250419,179744.4,False,False,5.33
LOAN000819,1189,13,5,20230310,139327.53,False,False,6.42
LOAN000820,2161,2,7,20230722,71697.28,True,False,6.29
LOAN000821,398,14,8,20250331,408451.09,True,False,6.43
LOAN000822,1715,8,6,20240107,124947.86,False,False,6.96
LOAN000823,1658,9,6,20241127,432202.32,False,False,10.38
LOAN000824,381,12,7,20240817,92378.77,True,False,10.27
LOAN000825,594,14,5,20241213,345273.21,False,False,12.05
LOAN000826,778,7,6,20250410,401210.61,True,False,4.36
LOAN000827,1457,11,8,20230806,205650.29,True,False,9.83
LOAN000828,400,8,5,20240813,438069.22,True,False,4.27
LOAN000829,796,14,5,20250301,166968.27,False,False,7.93
LOAN000830,688,5,8,20250921,187133.4,False,False,7.6
LOAN000831,1663,15,7,20250829,167357.76,True,False,12.24
LOAN000832,1926,1,5,20250806,361853.66,False,False,10.13
LOAN000833,865,12,8,20250222,185994.21,False,False,11.43
LOAN000834,1508,7,8,20230217,43816.0,True,False,4.79
LOAN000835,247,6,5,20240623,429417.92,True,False,8.6
LOAN000836,436,15,6,20240717,73437.08,True,False,12.04
LOAN000837,1805,3,6,20230811,438729.79,False,False,11.43
LOAN000838,15,7,6,20251222,108873.92,True,False,6.01
LOAN000839,267,5,6,20240928,184323.84,True,False,8.71
LOAN000840,286,12,8,20240109,446497.27,False,False,12.11
LOAN000841,1667,12,6,20230419,414670.3,True,False,4.3
LOAN000842,1229,4,6,20230713,341210.52,True,False,11.39
LOAN000843,1841,6,8,20250313,151309.23,True,False,5.48
LOAN000844,423,12,5,20231222,337301.79,False,False,4.32
LOAN000845,1718,1,8,20250817,423504.47,True,False,4.9
LOAN000846,1125,5,6,20230504,206976.96,False,False,12.35
LOAN000847,2216,1,7,20240127,444722.66,True,False,10.48
LOAN000848,1683,5,6,20240808,377956.44,True,False,12.2
LOAN000849,1258,1,6,20230323,417488.42,False,False,9.1
LOAN000850,1533,10,5,20240724,331108.41,False,False,8.84
LOAN000851,1142,13,5,20240529,228909.88,True,False,11.43
LOAN000852,1522,7,5,20230924,332635.25,True,False,11.24
LOAN000853,327,3,7,20240210,44968.11,True,False,8.69
LOAN000854,928,15,5,20250902,149623.54,False,False,8.12
LOAN000855,423,4,6,20250714,276608.52,True,False,11.11
LOAN000856,1952,11,5,20250925,16281.22,False,False,4.98
LOAN000857,1184,1,5,20240326,414807.69,False,False,12.21
LOAN000858,679,12,8,20240312,26829.36,True,False,6.49
LOAN000859,2203,5,5,20230302,6359.03,True,False,10.32
LOAN000860,535,11,7,20230909,307509.2,True,False,8.58
LOAN000861,438,13,7,20240823,311864.21,True,False,8.34
LOAN000862,1552,5,6,20250618,109000.85,True,False,10.29
LOAN000863,269,5,7,20250426,352908.44,True,False,11.19
LOAN000864,1061,3,6,20240221,429426.35,False,False,10.23
LOAN000865,1107,4,5,20251221,26438.31,True,False,3.69
LOAN000866,814,6,8,20230110,333462.06,False,False,4.0
LOAN000867,1062,15,8,20230718,143543.18,False,False,4.73
LOAN000868,544,2,6,20241227,436067.16,False,False,6.35
LOAN000869,232,10,8,20240618,26705.81,False,False,12.05
LOAN000870,1107,7,7,20250522,274717.48,True,False,3.82
LOAN000871,229,12,6,20230726,375345.75,True,False,4.87
LOAN000872,934,7,7,20231215,361491.45,True,False,8.92
LOAN000873,2209,15,7,20231022,81347.62,True,False,10.27
LOAN000874,1265,12,7,20240829,205618.23,False,False,9.24
LOAN000875,24,15,5,20230204,391542.35,True,False,5.84
LOAN000876,34,2,8,20250309,165955.16,True,False,12.48
LOAN000877,46,9,5,20250708,229635.28,False,False,8.53
LOAN000878,159,15,8,20230717,129876.47,True,False,7.24
LOAN000879,1314,10,6,20230521,226695.18,True,False,5.83
LOAN000880,2121,1,6,20251216,108689.19,True,False,8.9
LOAN000881,1845,4,7,20251012,84275.85,False,False,8.48
LOAN000882,1046,2,5,20240419,318383.88,True,False,5.28
LOAN000883,847,11,6,20251215,336153.37,True,False,6.74
LOAN000884,1914,7,8,20240408,446642.03,True,False,12.31
LOAN000885,1872,1,5,20250718,359770.4,True,False,6.58
LOAN000886,356,5,7,20231206,421870.14,True,False,12.49
LOAN000887,154,11,7,20240226,209100.8,True,False,9.03
LOAN000888,444,14,8,20231224,4682.18,True,False,3.89
LOAN000889,1255,15,5,20230107,226267.82,True,True,8.98
LOAN000890,1137,8,7,20230228,141952.07,True,False,4.39
LOAN000891,1662,6,6,20240518,352457.92,False,False,7.27
LOAN000892,461,8,5,20251108,292684.08,True,False,9.35
LOAN000893,962,7,6,20250703,246983.73,True,False,5.11
LOAN000894,2155,4,5,20230402,278004.44,True,False,6.4
LOAN000895,473,5,5,20240819,368968.09,True,False,5.24
LOAN000896,513,7,7,20250223,132434.49,True,False,7.46
LOAN000897,128,10,8,20250213,333525.88,True,False,9.99
LOAN000898,1276,12,5,20240214,153025.26,True,False,8.1
LOAN000899,1462,5,5,20250331,106937.1,True,False,10.43
LOAN000900,1177,8,7,20250418,90126.03,True,False,10.87
LOAN000901,708,12,8,20241022,421715.12,True,False,12.42
LOAN000902,739,15,8,20240110,385919.05,True,False,5.5
LOAN000903,435,1,5,20231127,188598.11,True,False,4.3
LOAN000904,1470,12,5,20251128,75719.01,True,False,3.95
LOAN000905,497,13,8,20250716,289207.38,True,True,8.3
LOAN000906,1397,11,8,20240303,412821.74,True,False,7.67
LOAN000907,773,8,5,20240414,289753.4,True,False,7.11
LOAN000908,1690,15,6,20230110,373596.75,True,False,11.84
LOAN000909,1771,12,8,20230924,195415.82,True,False,4.24
LOAN000910,1085,10,8,20241025,75264.05,True,False,9.98
LOAN000911,2037,15,8,20250110,147719.82,True,False,10.57
LOAN000912,2,1,6,20230212,337892.29,True,False,9.75
LOAN000913,1664,15,8,20241209,366769.16,True,False,10.31
LOAN000914,954,3,8,20240304,285399.38,False,False,3.54
LOAN000915,1612,15,6,20230326,233023.39,True,False,8.86
LOAN000916,1658,8,6,20250530,432369.36,True,False,9.35
LOAN000917,1144,8,7,20240922,259812.24,True,True,8.37
LOAN000918,313,9,8,20240123,48275.26,True,False,7.35
LOAN000919,1273,4,6,20251016,62191.35,True,False,3.97
LOAN000920,590,2,6,20250612,149602.2,True,False,9.31
LOAN000921,261,11,7,20230107,390325.21,False,False,10.79
LOAN000922,1710,8,6,20231108,134021.05,True,False,3.91
LOAN000923,2181,13,7,20240223,182399.82,False,False,6.33
LOAN000924,1646,10,8,20230819,168326.51,True,False,8.53
LOAN000925,781,5,7,20240508,15625.26,True,False,6.84
LOAN000926,1237,8,8,20240126,252267.72,True,False,7.38
LOAN000927,60,2,7,20230226,300918.57,True,False,5.18
LOAN000928,623,9,6,20240701,70914.99,True,False,6.27
LOAN000929,1622,14,6,20240325,47574.7,True,False,5.63
LOAN000930,1984,7,7,20250502,40933.2,False,False,7.12
LOAN000931,380,15,6,20240328,320732.32,False,False,6.08
LOAN000932,524,14,7,20231229,3671.45,True,False,8.51
LOAN000933,1408,5,8,20230202,311989.81,True,False,7.02
LOAN000934,459,10,5,20250712,135055.96,True,False,7.92
LOAN000935,381,7,8,20230104,47355.37,True,False,9.3
LOAN000936,1843,7,8,20230404,330517.12,True,False,9.84
LOAN000937,227,11,6,20231125,149242.79,True,False,11.08
LOAN000938,750,5,6,20230509,426188.25,False,False,6.17
LOAN000939,2209,1,5,20240623,119698.2,False,False,9.84
LOAN000940,319,3,6,20240512,319310.32,True,False,8.09
LOAN000941,1460,10,5,20250530,415647.36,True,False,4.82
LOAN000942,1197,8,7,20230416,215860.46,True,False,3.82
LOAN000943,2146,6,8,20230227,25589.86,True,False,3.98
LOAN000944,1179,13,5,20240308,222321.1,False,False,8.8
LOAN000945,1735,10,5,20251006,3562.4,True,True,9.19
LOAN000946,1820,13,5,20250612,221385.94,True,False,5.51
LOAN000947,516,4,6,20231120,8764.85,False,False,4.9
LOAN000948,2029,15,6,20250204,270948.84,False,False,9.43
LOAN000949,2216,15,5,20240217,291883.42,False,False,4.88
LOAN000950,475,2,8,20230916,410224.01,True,False,7.2
LOAN000951,1794,2,8,20230718,346067.33,True,False,5.0
LOAN000952,330,14,6,20240218,212814.78,True,False,8.19
LOAN000953,1379,8,5,20240716,347119.15,True,False,9.09
LOAN000954,1415,8,8,20250507,180887.52,True,False,6.04
LOAN000955,1618,10,5,20250508,437884.62,True,False,6.06
LOAN000956,148,2,6,20230410,60004.32,True,False,6.2
LOAN000957,585,15,7,20230605,148467.51,True,False,4.65
LOAN000958,101,10,8,20230325,319249.01,True,False,9.07
LOAN000959,2087,13,8,20240126,143843.73,True,False,12.44
LOAN000960,136,7,5,20240804,295444.96,True,False,9.83
LOAN000961,1641,7,6,20231215,251617.83,True,False,8.46
LOAN000962,1198,1,5,20241022,10969.98,True,False,10.44
LOAN000963,201,4,8,20240624,410011.86,True,False,4.6
LOAN000964,1000,6,8,20230130,358442.45,True,False,8.31
LOAN000965,176,12,5,20230222,129818.5,True,False,11.79
LOAN000966,1027,13,6,20231215,9782.16,True,False,5.97
LOAN000967,1715,12,8,20250307,399039.92,False,False,7.83
LOAN000968,2160,9,5,20240712,270316.97,False,False,10.25
LOAN000969,960,1,7,20240615,68292.18,True,False,5.44
LOAN000970,1533,1,8,20251205,449385.73,False,False,5.64
LOAN000971,1397,11,7,20250521,243562.72,False,False,6.19
LOAN000972,2161,12,5,20240321,383436.01,True,False,12.16
LOAN000973,1085,1,8,20240114,65299.0,True,False,8.91
LOAN000974,2171,14,8,20240609,365586.29,True,False,10.91
LOAN000975,853,12,5,20250721,199320.56,True,False,5.53
LOAN000976,747,3,7,20250115,175438.69,True,False,10.26
LOAN000977,1807,5,6,20240505,447212.5,True,False,8.49
LOAN000978,853,11,5,20240307,89415.74,True,False,3.88
LOAN000979,2091,15,6,20250927,424773.05,True,False,7.85
LOAN000980,1478,12,6,20250518,323033.52,True,False,9.44
LOAN000981,743,13,8,20250808,401110.34,True,False,5.89
LOAN000982,662,14,5,20240909,199890.6,False,False,11.72
LOAN000983,971,7,6,20240119,264338.13,True,False,4.14
LOAN000984,210,12,8,20241004,89128.91,True,False,5.63
LOAN000985,1097,13,5,20230217,447215.9,True,False,5.52
LOAN000986,523,8,8,20240303,391618.46,True,False,4.2
LOAN000987,1253,10,5,20230606,83410.87,True,False,11.35
LOAN000988,1239,2,8,20240304,404723.54,False,False,5.09
LOAN000989,1037,3,7,20251103,104973.78,True,False,8.28
LOAN000990,631,5,7,20231102,25601.96,False,False,12.01
LOAN000991,1712,12,6,20240712,164210.37,True,False,7.9
LOAN000992,1669,13,8,20231214,49061.66,True,False,3.79
LOAN000993,732,15,7,20250626,211581.97,False,False,4.6
LOAN000994,240,5,7,20240601,284382.77,True,False,10.65
LOAN000995,392,7,5,20230707,16188.67,True,True,9.01
LOAN000996,128,8,8,20230311,367400.78,True,False,7.45
LOAN000997,1727,13,8,20241109,431947.69,True,False,4.5
LOAN000998,1609,5,5,20230504,146697.04,True,False,5.57
LOAN000999,372,7,7,20250215,448293.64,True,False,6.15
LOAN001000,1269,10,5,20240729,175791.18,False,False,11.13
LOAN001001,2162,6,6,20230421,418623.65,True,False,11.94
LOAN001002,1843,7,8,20241226,252059.28,True,True,9.47
LOAN001003,23,7,6,20240502,158428.93,True,False,8.96
LOAN001004,587,12,7,20240730,137631.13,True,False,10.21
LOAN001005,1895,15,7,20230826,139630.13,True,False,11.41
LOAN001006,1042,13,6,20240527,66280.78,True,False,8.65
LOAN001007,446,13,5,20240614,235262.62,True,False,5.87
LOAN001008,2113,2,7,20240620,14544.94,True,False,4.84
LOAN001009,1767,8,7,20230620,435642.12,True,False,11.97
LOAN001010,459,12,7,20240112,55446.72,True,False,6.87
LOAN001011,2099,6,8,20230520,210376.73,True,False,7.8
LOAN001012,945,6,8,20240830,135871.28,True,False,11.72
LOAN001013,37,8,8,20230301,409003.79,True,False,3.67
LOAN001014,1935,4,5,20241222,293200.62,True,True,4.17
LOAN001015,2044,14,8,20230711,269678.95,True,False,11.3
LOAN001016,1715,14,5,20250723,292989.87,True,False,7.72
LOAN001017,823,1,5,20230202,431137.29,True,False,10.22
LOAN001018,1114,2,6,20231205,113690.6,True,False,6.98
LOAN001019,507,7,5,20250122,342424.15,True,False,3.67
LOAN001020,2180,12,6,20250117,30655.56,False,False,11.23
LOAN001021,707,1,7,20250509,21239.8,True,False,9.61
LOAN001022,1025,1,6,20231103,144869.87,True,False,10.93
LOAN001023,67,13,5,20250609,381611.04,False,False,12.08
LOAN001024,1837,2,7,20251110,44806.2,True,False,7.31
LOAN001025,1864,11,7,20240202,259133.45,True,False,11.74
LOAN001026,683,14,6,20251007,121398.34,True,False,4.14
LOAN001027,153,12,5,20241104,92390.55,True,False,7.96
LOAN001028,1680,15,6,20230626,307110.85,True,False,9.72
LOAN001029,581,12,8,20230627,35449.16,True,False,10.35
LOAN001030,745,8,5,20231106,297787.25,False,False,7.17
LOAN001031,611,3,8,20230613,257846.65,True,False,10.41
LOAN001032,1616,1,5,20241211,119417.55,True,False,11.96
LOAN001033,2172,13,5,20251117,63719.89,True,False,11.62
LOAN001034,1785,15,8,20250402,333904.36,True,False,9.44
LOAN001035,1827,1,5,20230322,39142.78,True,False,11.77
LOAN001036,1358,7,5,20240226,134308.0,True,False,10.21
LOAN001037,1087,11,6,20240118,398391.03,False,False,5.7
LOAN001038,2056,9,7,20231123,411741.15,False,False,9.01
LOAN001039,2115,8,6,20240626,297246.24,True,False,11.73
LOAN001040,1828,5,6,20230115,237977.25,True,False,7.47
LOAN001041,1242,6,5,20231207,285687.83,True,False,8.49
LOAN001042,999,12,8,20231218,29541.12,False,False,5.12
LOAN001043,90,10,6,20241113,8077.78,True,False,4.47
LOAN001044,1473,5,7,20251104,328972.65,True,False,3.54
LOAN001045,74,7,5,20250523,138373.67,True,False,7.54
LOAN001046,802,4,6,20241101,422139.89,True,False,6.44
LOAN001047,1633,10,6,20241020,352842.58,False,False,7.18
LOAN001048,1058,9,6,20250223,46124.14,True,False,4.39
LOAN001049,871,8,8,20241228,195730.35,False,False,4.02
LOAN001050,651,7,5,20230210,258085.42,True,False,7.94
LOAN001051,141,3,8,20241023,316735.76,True,False,5.17
LOAN001052,1588,12,8,20240925,267632.31,True,False,5.07
LOAN001053,1790,4,8,20250915,325560.7,True,False,6.26
LOAN001054,1936,7,8,20230326,277258.46,True,False,11.44
LOAN001055,1228,15,6,20240508,220728.89,False,False,5.23
LOAN001056,1905,14,5,20231222,398983.06,True,False,6.73
LOAN001057,479,2,5,20230312,329153.29,True,False,6.38
LOAN001058,578,11,6,20240409,135600.52,True,False,9.28
LOAN001059,1894,2,7,20240903,72027.52,False,False,11.3
LOAN001060,787,11,6,20230921,175655.55,False,False,3.67
LOAN001061,1819,8,5,20250118,138835.54,True,False,10.56
LOAN001062,916,14,5,20240216,386992.77,True,False,8.61
LOAN001063,1549,10,8,20240526,133760.97,True,False,8.25
LOAN001064,251,12,7,20240522,376696.13,True,False,6.34
LOAN001065,1339,14,7,20240609,174675.76,False,False,8.36
LOAN001066,1496,12,5,20250402,399437.91,True,False,8.74
LOAN001067,405,11,7,20250813,95011.59,True,True,4.3
LOAN001068,354,9,6,20250430,44566.25,False,False,12.05
LOAN001069,243,15,6,20250910,370440.79,True,False,10.39
LOAN001070,1962,13,8,20240125,224371.33,True,False,9.55
LOAN001071,113,9,8,20240928,59043.98,True,False,9.09
LOAN001072,1005,15,8,20250504,365229.77,True,False,4.06
LOAN001073,1238,11,5,20250420,134675.39,True,False,4.49
LOAN001074,2125,3,7,20230406,118581.71,True,False,10.45
LOAN001075,1712,8,7,20250429,150758.03,True,False,9.71
LOAN001076,1893,7,5,20230426,348439.53,False,False,10.85
LOAN001077,248,11,6,20251209,393272.2,True,False,8.88
LOAN001078,1461,11,6,20230224,127726.64,True,False,4.86
LOAN001079,969,1,5,20251016,227661.48,True,False,4.43
LOAN001080,1746,2,8,20230411,410004.34,True,False,7.48
LOAN001081,1258,5,6,20250329,393096.9,False,False,9.88
LOAN001082,1198,13,6,20240605,386033.47,True,False,11.46
LOAN001083,1591,9,5,20230424,25875.49,True,False,10.03
LOAN001084,581,9,8,20250125,103493.37,True,False,12.4
LOAN001085,1238,10,5,20250830,350724.53,True,False,3.53
LOAN001086,2075,4,6,20240116,417482.51,True,False,6.13
LOAN001087,1879,7,5,20231209,188660.81,True,False,9.01
LOAN001088,1370,7,6,20230904,412506.79,True,True,11.85
LOAN001089,860,11,8,20240827,254435.35,False,False,6.35
LOAN001090,1487,15,5,20250428,127077.09,False,False,6.78
LOAN001091,1894,13,5,20240513,82870.13,False,False,9.53
LOAN001092,734,7,8,20251105,238455.32,True,False,10.46
LOAN001093,2205,10,7,20250612,44161.87,True,False,7.1
LOAN001094,640,4,5,20240331,109458.56,False,False,8.32
LOAN001095,1253,7,6,20230521,211773.3,True,False,7.55
LOAN001096,226,1,7,20250104,143412.83,False,False,10.04
LOAN001097,226,11,6,20240101,217742.33,False,False,5.32
LOAN001098,1489,4,7,20231019,247256.47,True,False,8.87
LOAN001099,89,2,5,20230128,11578.1,False,False,5.33
LOAN001100,1682,1,5,20230208,110596.95,True,False,5.73
LOAN001101,1759,8,8,20250215,109002.95,True,False,5.94
LOAN001102,18,10,7,20250708,119701.8,True,False,11.46
LOAN001103,8,7,8,20241129,145202.25,False,False,6.65
LOAN001104,129,5,5,20240407,121247.41,True,False,12.21
LOAN001105,213,3,8,20240403,241899.88,True,False,8.99
LOAN001106,888,4,8,20230612,331498.29,True,False,6.5
LOAN001107,1682,6,6,20240608,436013.63,True,False,4.87
LOAN001108,188,10,8,20241023,207100.94,True,False,4.81
LOAN001109,528,8,8,20230128,356088.33,True,False,4.47
LOAN001110,599,12,7,20250206,250147.02,True,False,4.44
LOAN001111,913,13,5,20230222,204792.53,False,False,6.02
LOAN001112,1467,5,5,20250123,406676.95,True,False,3.98
LOAN001113,2071,1,8,20231216,293172.06,True,False,9.76
LOAN001114,1091,4,7,20240101,400263.98,False,False,11.4
LOAN001115,421,6,8,20230710,439721.22,False,False,5.79
LOAN001116,1579,2,6,20241226,125121.77,False,False,7.08
LOAN001117,2069,9,6,20241015,242834.49,False,False,6.8
LOAN001118,1216,3,7,20230627,333652.79,False,False,3.58
LOAN001119,1699,3,8,20241126,9909.13,False,False,9.94
LOAN001120,1269,5,8,20240714,397638.31,True,False,10.49
LOAN001121,821,14,6,20240621,54457.04,True,False,11.91
LOAN001122,1090,14,6,20250817,235816.85,True,False,10.18
LOAN001123,1646,1,6,20240325,92068.7,False,False,8.44
LOAN001124,185,3,5,20250924,149867.24,True,False,12.27
LOAN001125,1636,6,6,20241031,214439.87,True,False,10.3
LOAN001126,1906,2,5,20240922,272247.91,True,False,4.35
LOAN001127,987,8,8,20240710,245231.63,True,True,8.36
LOAN001128,8,2,6,20240914,322637.79,True,False,6.4
LOAN001129,616,11,8,20231012,387572.15,True,False,9.1
LOAN001130,710,9,6,20230617,19624.91,False,False,9.86
LOAN001131,1048,7,8,20250630,408321.18,True,False,9.65
LOAN001132,526,13,6,20250122,172238.79,False,False,8.82
LOAN001133,1487,12,8,20250605,78786.43,True,False,8.91
LOAN001134,1834,3,6,20250907,226444.75,True,False,3.74
LOAN001135,793,9,8,20250827,146206.67,False,False,5.22
LOAN001136,1955,5,5,20240327,177012.06,False,False,5.68
LOAN001137,878,14,7,20251209,375743.42,True,False,9.78
LOAN001138,1929,14,7,20240423,333571.4,False,False,6.75
LOAN001139,2181,7,6,20250328,3543.97,True,False,5.47
LOAN001140,685,14,8,20240621,340373.6,True,False,8.93
LOAN001141,1189,6,5,20250703,243283.02,True,False,6.02
LOAN001142,64,11,7,20240715,35932.56,True,True,10.56
LOAN001143,1061,2,5,20250123,19317.69,True,False,4.03
LOAN001144,1891,7,6,20231224,134130.99,True,False,8.66
LOAN001145,676,4,7,20230501,446517.48,False,False,4.32
LOAN001146,2151,7,5,20250215,213980.52,True,False,8.92
LOAN001147,719,8,5,20231209,370751.15,False,False,9.71
LOAN001148,422,13,6,20240127,363868.23,False,False,8.2
LOAN001149,1582,3,8,20230307,196418.92,True,False,9.07
LOAN001150,1305,11,6,20240106,405590.12,True,False,8.46
LOAN001151,1961,3,5,20251224,273305.72,False,False,6.54
LOAN001152,1530,5,7,20240316,269062.41,True,False,9.15
LOAN001153,1209,15,8,20250616,339534.62,True,False,8.65
LOAN001154,1749,14,7,20240424,90502.53,True,False,8.74
LOAN001155,1093,9,7,20240621,135446.39,True,False,4.29
LOAN001156,239,13,8,20250823,371794.04,True,False,4.09
LOAN001157,935,8,7,20250222,285003.05,True,True,12.4
LOAN001158,1964,2,7,20250119,41253.39,True,False,5.48
LOAN001159,904,10,6,20240814,342840.29,True,True,4.37
LOAN001160,1671,8,7,20250630,375060.81,True,False,3.5
LOAN001161,1095,3,7,20250703,400696.41,False,False,4.1
LOAN001162,1767,8,5,20240512,415046.97,False,False,11.28
LOAN001163,2130,14,6,20251119,243724.28,True,False,10.5
LOAN001164,1100,12,5,20240301,35544.83,True,False,4.72
LOAN001165,573,2,8,20251126,167440.73,False,False,8.34
LOAN001166,96,6,5,20240604,390959.99,True,False,8.38
LOAN001167,1787,7,8,20230929,300011.92,True,False,9.62
LOAN001168,409,2,8,20230519,395150.52,True,False,10.49
LOAN001169,158,3,5,20240814,439709.57,True,False,3.68
LOAN001170,1097,14,6,20240921,95107.25,True,False,11.87
LOAN001171,1700,6,7,20240409,356914.66,True,False,5.91
LOAN001172,357,10,8,20230509,438462.5,True,False,11.33
LOAN001173,1312,9,8,20250410,30966.44,False,False,10.8
LOAN001174,574,9,7,20250204,353450.45,False,False,5.49
LOAN001175,758,6,6,20251109,301822.44,True,False,12.23
LOAN001176,1545,1,8,20240229,304789.22,True,False,10.82
LOAN001177,20,10,5,20230824,46525.16,False,False,10.05
LOAN001178,799,7,8,20230219,93730.11,True,False,4.15
LOAN001179,620,5,7,20251130,249330.69,True,False,10.26
LOAN001180,1709,12,5,20250525,246941.7,False,False,11.88
LOAN001181,81,1,8,20231014,313658.52,False,False,4.56
LOAN001182,126,13,5,20241130,420664.15,False,False,4.88
LOAN001183,2193,11,6,20240513,341698.44,True,True,4.84
LOAN001184,272,6,7,20241217,449363.96,True,False,6.49
LOAN001185,849,8,5,20231004,224176.34,True,False,7.7
LOAN001186,448,13,8,20240310,47649.95,False,False,7.95
LOAN001187,485,10,5,20250722,68978.69,False,False,10.72
LOAN001188,1423,15,5,20230810,431324.42,True,False,10.77
LOAN001189,1457,13,6,20240707,195116.67,True,False,3.52
LOAN001190,1102,7,6,20250517,18416.27,False,False,7.96
LOAN001191,1445,13,6,20251028,306410.31,True,False,10.88
LOAN001192,2187,9,7,20240707,270590.12,False,False,12.3
LOAN001193,1069,15,8,20230711,223212.56,False,False,8.9
LOAN001194,1536,11,7,20251216,105085.84,False,False,6.56
LOAN001195,1205,1,6,20250328,308043.02,True,False,8.91
LOAN001196,798,12,7,20230112,167602.7,True,False,4.51
LOAN001197,1270,9,7,20230619,155491.62,False,False,3.9
LOAN001198,2191,13,8,20250908,262183.72,True,False,6.41
LOAN001199,56,14,8,20230819,172172.13,True,False,8.68
LOAN001200,1288,3,7,20231116,262416.93,True,False,8.8
LOAN001201,954,11,7,20240409,222232.86,True,False,7.89
LOAN001202,634,12,8,20230701,369906.31,True,False,7.71
LOAN001203,621,3,7,20250802,242141.51,True,False,12.39
LOAN001204,389,3,7,20240711,83110.42,False,False,10.04
LOAN001205,2216,2,7,20230219,213987.86,True,False,10.97
LOAN001206,1123,9,5,20230812,183006.59,True,False,6.23
LOAN001207,1948,15,7,20240127,95088.22,True,False,11.35
LOAN001208,406,11,6,20231018,323811.15,True,False,4.19
LOAN001209,1875,2,7,20230716,321643.63,False,False,3.82
LOAN001210,1589,1,6,20230414,83368.63,False,False,8.84
LOAN001211,643,1,5,20250610,209652.63,True,False,11.06
LOAN001212,1529,11,8,20240604,274334.89,True,False,12.18
LOAN001213,793,5,8,20241109,385122.23,False,False,6.56
LOAN001214,1827,14,7,20230910,375699.62,True,False,11.33
LOAN001215,206,1,6,20230311,436436.8,True,True,3.61
LOAN001216,1846,10,8,20230624,393885.45,True,False,4.13
LOAN001217,734,14,7,20230524,238595.91,True,False,7.23
LOAN001218,474,12,6,20241124,414106.97,True,False,7.15
LOAN001219,2178,5,5,20251009,269027.12,False,False,9.73
LOAN001220,1498,3,6,20230315,10525.33,True,False,8.82
LOAN001221,2176,4,5,20240914,234060.34,False,False,8.85
LOAN001222,775,9,8,20240227,35933.34,False,False,4.0
LOAN001223,139,15,7,20230918,81539.86,True,False,11.33
LOAN001224,2183,15,5,20230407,161699.04,True,False,7.41
LOAN001225,1926,10,6,20230328,176794.49,True,False,9.93
LOAN001226,258,13,5,20241225,118245.05,True,False,4.12
LOAN001227,1907,5,6,20250519,171422.35,False,False,10.05
LOAN001228,2113,8,8,20230409,411905.68,True,False,3.96
LOAN001229,1106,14,7,20240520,365102.26,True,False,4.1
LOAN001230,1307,6,8,20251120,150135.96,True,False,3.7
LOAN001231,1288,13,8,20240325,410370.68,True,False,9.86
LOAN001232,1998,4,5,20250801,167372.58,True,False,6.9
LOAN001233,848,3,5,20241005,288649.6,False,False,4.31
LOAN001234,1156,3,6,20230501,66981.79,False,False,11.13
LOAN001235,2214,7,8,20240320,92636.26,True,False,10.04
LOAN001236,1407,5,8,20250925,103159.7,True,False,4.29
LOAN001237,950,4,5,20240426,405214.5,True,False,11.62
LOAN001238,1537,9,8,20231017,273179.73,True,False,7.66
LOAN001239,2104,5,6,20251018,249636.45,True,False,7.17
LOAN001240,720,9,8,20240625,341214.23,True,True,10.29
LOAN001241,531,7,8,20250526,368902.87,False,False,8.21
LOAN001242,2208,11,6,20240722,361001.15,True,False,4.9
LOAN001243,375,14,8,20230619,15500.36,True,True,9.33
LOAN001244,1316,10,7,20230820,49253.26,False,False,8.46
LOAN001245,1747,4,7,20251115,325063.98,False,False,7.16
LOAN001246,2004,3,6,20231016,21654.98,False,False,11.48
LOAN001247,1253,2,6,20240701,21373.78,False,False,11.64
LOAN001248,1249,7,5,20250110,25578.5,True,False,10.12
LOAN001249,1908,14,8,20240113,416331.35,False,False,11.66
LOAN001250,311,11,8,20231231,402236.44,True,False,11.45
LOAN001251,1729,12,7,20240906,230663.56,True,False,8.52
LOAN001252,118,8,5,20230825,279633.43,True,False,11.56
LOAN001253,217,13,8,20250309,377495.87,True,False,10.55
LOAN001254,1747,1,7,20240803,304724.44,True,False,9.07
LOAN001255,1367,5,6,20250414,415265.15,True,False,5.23
LOAN001256,881,11,7,20251121,88340.8,True,False,12.34
LOAN001257,813,10,6,20231024,249815.25,False,False,7.85
LOAN001258,1461,8,6,20240407,383066.73,False,False,11.15
LOAN001259,1635,7,6,20240422,81115.91,False,False,5.06
LOAN001260,926,6,5,20250218,358278.61,True,False,10.57
LOAN001261,633,10,8,20250322,102883.64,True,False,11.07
LOAN001262,1562,1,7,20230821,217062.91,True,False,7.73
LOAN001263,1699,2,5,20250918,443590.73,True,False,8.17
LOAN001264,263,7,8,20250710,63396.33,False,False,6.02
LOAN001265,1065,10,5,20230109,151489.59,True,True,12.13
LOAN001266,343,15,6,20250304,120288.75,False,False,7.37
LOAN001267,1122,6,7,20240315,337836.73,False,False,5.97
LOAN001268,728,2,7,20240228,316335.64,False,False,5.37
LOAN001269,2174,12,8,20231126,110647.83,True,False,12.38
LOAN001270,1749,3,5,20231015,167287.1,False,False,10.07
LOAN001271,974,12,8,20231114,378348.27,False,False,6.62
LOAN001272,677,10,8,20240205,162011.94,True,False,10.46
LOAN001273,1911,7,5,20240728,273936.6,False,False,6.76
LOAN001274,1490,2,7,20240102,337805.6,True,False,11.27
LOAN001275,98,1,8,20230304,107297.15,True,False,3.72
LOAN001276,1776,2,6,20241202,124817.89,True,False,9.57
LOAN001277,1265,5,5,20230325,412033.01,False,False,11.27
LOAN001278,232,9,5,20230407,101532.43,False,False,11.43
LOAN001279,1341,2,8,20250625,365207.81,True,False,10.11
LOAN001280,65,14,5,20240215,310325.64,False,False,10.76
LOAN001281,66,2,7,20240928,388054.82,False,False,10.87
LOAN001282,1852,7,7,20250608,56588.06,True,False,10.0
LOAN001283,1125,13,7,20230527,378904.29,True,False,5.17
LOAN001284,23,9,6,20250228,97781.3,True,False,10.57
LOAN001285,620,5,7,20231201,156080.28,False,False,7.1
LOAN001286,1365,1,6,20240127,170967.36,True,True,5.42
LOAN001287,528,10,8,20250707,422579.84,True,False,10.75
LOAN001288,1792,7,7,20230113,114241.52,True,False,4.45
LOAN001289,1445,10,7,20250326,168929.37,False,False,7.24
LOAN001290,1443,14,7,20230701,5177.28,True,False,11.48
LOAN001291,6,1,5,20250112,383375.18,True,False,11.15
LOAN001292,31,13,8,20231127,362999.86,True,False,10.1
LOAN001293,391,14,8,20240217,286265.27,True,False,12.14
LOAN001294,1358,14,6,20241031,320855.0,True,False,9.17
LOAN001295,1104,5,5,20250604,355393.64,True,False,5.72
LOAN001296,1736,6,6,20231216,435281.2,True,False,3.67
LOAN001297,356,5,5,20230720,292485.43,True,False,4.19
LOAN001298,284,5,6,20230404,384281.04,True,False,12.21
LOAN001299,1107,3,8,20240522,185057.61,False,False,11.21
LOAN001300,1685,3,7,20231230,152403.16,False,False,4.93
LOAN001301,1207,2,6,20240428,125938.93,True,False,6.22
LOAN001302,1324,12,8,20251104,284539.28,True,False,10.67
LOAN001303,112,3,8,20240201,93937.01,False,False,4.29
LOAN001304,1602,15,5,20251214,101300.03,True,False,6.17
LOAN001305,515,1,7,20241013,127356.97,False,False,5.48
LOAN001306,792,4,7,20241007,210768.09,True,False,11.2
LOAN001307,529,9,6,20250607,46956.13,True,False,11.26
LOAN001308,2048,1,6,20250504,224659.78,True,False,9.44
LOAN001309,87,9,8,20250629,367284.47,False,False,6.24
LOAN001310,104,10,8,20240120,429497.1,True,False,4.25
LOAN001311,1136,6,7,20230611,238394.57,False,False,5.79
LOAN001312,825,5,7,20250417,184759.94,False,False,7.54
LOAN001313,639,6,7,20230315,411701.25,True,False,7.47
LOAN001314,1970,1,5,20241012,314680.65,True,False,12.07
LOAN001315,889,14,6,20250710,223550.6,True,False,7.17
LOAN001316,2032,14,6,20230211,437889.86,True,False,10.95
LOAN001317,395,12,5,20241015,423018.26,True,False,7.08
LOAN001318,553,9,6,20230413,313953.33,True,False,5.75
LOAN001319,481,5,7,20250218,389888.26,True,False,11.9
LOAN001320,921,14,8,20241105,122004.17,False,False,4.44
LOAN001321,276,13,5,20250320,91929.17,False,False,9.2
LOAN001322,78,11,8,20251101,123938.11,True,False,9.25
LOAN001323,1920,11,8,20240808,158884.54,True,False,11.75
LOAN001324,74,6,7,20250408,204763.76,True,False,7.98
LOAN001325,476,13,8,20230828,157933.1,True,False,4.16
LOAN001326,1638,13,5,20230421,223149.03,True,False,10.47
LOAN001327,1103,10,7,20250723,428950.61,False,False,4.19
LOAN001328,1635,15,8,20250316,359234.09,False,False,5.9
LOAN001329,1207,9,7,20251230,370622.1,True,False,6.58
LOAN001330,507,14,5,20231104,53266.09,True,False,9.01
LOAN001331,111,14,7,20240619,402469.17,True,False,5.13
LOAN001332,1323,14,8,20240815,11768.64,True,False,11.45
LOAN001333,1311,13,5,20230921,314627.67,True,False,10.78
LOAN001334,1342,15,7,20230327,28807.33,True,False,11.51
LOAN001335,557,3,6,20250302,189781.9,True,False,11.58
LOAN001336,1696,4,6,20230701,31086.27,True,False,11.46
LOAN001337,324,14,6,20250314,303672.69,False,False,8.49
LOAN001338,307,7,6,20230111,29677.81,True,False,9.7
LOAN001339,2015,15,8,20240607,269802.83,True,False,10.04
LOAN001340,1825,2,8,20240120,323089.13,True,False,7.49
LOAN001341,1251,9,5,20250630,93697.19,True,False,11.77
LOAN001342,1347,3,8,20231011,416664.13,True,False,5.41
LOAN001343,605,4,6,20240113,284532.69,True,False,5.33
LOAN001344,1479,8,8,20231114,387828.58,False,False,4.38
LOAN001345,1895,15,5,20251207,445608.43,False,False,9.0
LOAN001346,2073,7,6,20241120,12264.84,False,False,11.44
LOAN001347,814,2,6,20230823,308637.27,False,False,9.78
LOAN001348,765,10,8,20240613,125214.48,True,False,6.53
LOAN001349,1387,10,8,20241123,411658.97,True,False,9.21
LOAN001350,1652,4,5,20240529,9595.45,False,False,6.45
LOAN001351,1960,2,6,20240413,270147.37,True,False,4.83
LOAN001352,671,12,8,20250302,46034.41,False,False,4.03
LOAN001353,1054,13,6,20230902,284499.72,True,False,6.39
LOAN001354,640,2,8,20240512,169408.04,True,False,4.04
LOAN001355,1304,7,5,20230211,332632.43,False,False,10.4
LOAN001356,671,3,5,20230411,373587.13,False,False,9.36
LOAN001357,134,9,8,20230701,348433.28,False,False,8.7
LOAN001358,1175,7,6,20231014,222253.4,True,False,5.84
LOAN001359,1573,10,5,20250716,25913.13,False,False,6.13
LOAN001360,674,2,6,20240530,308264.54,False,False,11.84
LOAN001361,1577,4,8,20230121,116783.75,True,False,9.53
LOAN001362,1068,2,6,20241103,216253.6,False,False,9.15
LOAN001363,290,1,6,20230115,2726.59,False,False,4.6
LOAN001364,1639,5,7,20230630,99225.46,True,False,11.54
LOAN001365,901,2,8,20250927,20156.39,False,False,8.63
LOAN001366,2045,3,7,20250620,418030.41,True,False,9.37
LOAN001367,56,13,6,20250317,219013.05,False,False,6.97
LOAN001368,1725,12,5,20240626,281639.44,True,False,7.82
LOAN001369,1588,13,8,20251104,318024.55,False,False,9.06
LOAN001370,1907,10,6,20240327,256199.09,True,False,12.11
LOAN001371,1920,14,6,20250507,376389.98,True,False,8.98
LOAN001372,2118,15,7,20240222,243315.3,True,False,10.02
LOAN001373,705,6,7,20231106,362154.16,False,False,6.16
LOAN001374,2096,11,8,20240509,300792.34,True,False,4.72
LOAN001375,2216,15,7,20230305,194842.19,True,False,11.95
LOAN001376,975,5,5,20250527,148182.11,True,False,4.89
LOAN001377,477,6,5,20241219,67473.34,True,False,7.04
LOAN001378,90,3,5,20240728,102878.99,False,False,7.34
LOAN001379,1792,4,6,20250423,324060.8,True,False,11.49
LOAN001380,1871,13,5,20230520,51354.61,True,False,10.42
LOAN001381,234,1,8,20231017,48359.17,True,False,6.91
LOAN001382,1499,7,7,20250823,448453.54,False,False,4.12
LOAN001383,2178,15,6,20241222,12250.7,True,False,6.5
LOAN001384,647,15,6,20230111,428102.13,True,False,3.68
LOAN001385,1125,8,6,20230806,101774.76,False,False,8.93
LOAN001386,393,10,5,20240521,106721.5,True,False,3.98
LOAN001387,2084,8,5,20230716,25495.23,True,False,8.53
LOAN001388,427,11,6,20230418,253728.47,True,False,9.86
LOAN001389,411,14,8,20250115,61020.03,False,False,8.0
LOAN001390,2076,13,5,20240120,271225.23,False,False,5.5
LOAN001391,642,3,7,20251110,247209.52,True,False,9.87
LOAN001392,160,9,6,20250314,445896.6,True,False,8.87
LOAN001393,755,9,7,20240323,387813.48,False,False,11.0
LOAN001394,474,10,5,20241113,423239.57,True,False,10.01
LOAN001395,1921,6,8,20230205,97468.99,True,False,6.18
LOAN001396,884,6,7,20251129,353538.86,False,False,8.19
LOAN001397,692,7,7,20240621,114586.27,True,False,9.41
LOAN001398,864,6,6,20250628,408128.08,True,False,6.72
LOAN001399,1257,1,6,20250607,269117.7,True,False,8.73
LOAN001400,2108,6,6,20240121,58884.65,True,True,4.31
LOAN001401,654,8,8,20250403,400463.19,True,False,11.9
LOAN001402,87,2,7,20230329,407100.32,True,False,7.07
LOAN001403,1474,5,7,20240617,130853.8,False,False,11.98
LOAN001404,1055,6,5,20251010,397495.46,True,False,10.88
LOAN001405,1885,14,7,20240826,151714.88,True,False,9.25
LOAN001406,33,5,7,20240703,338188.28,True,False,8.69
LOAN001407,773,13,8,20240505,271697.94,True,False,10.31
LOAN001408,641,12,5,20251209,345538.94,True,False,5.66
LOAN001409,965,14,8,20230418,177022.27,True,False,10.53
LOAN001410,824,5,5,20230115,119128.48,True,False,11.74
LOAN001411,1833,5,7,20250723,377824.19,False,False,11.56
LOAN001412,352,5,6,20250228,135190.36,True,False,4.45
LOAN001413,1797,10,7,20240430,47064.6,True,False,8.5
LOAN001414,1921,8,6,20250211,138904.52,True,False,5.87
LOAN001415,2120,8,6,20230120,101637.62,True,False,8.56
LOAN001416,177,1,8,20240114,247546.66,True,False,7.3
LOAN001417,1315,8,6,20240209,64021.14,True,False,11.86
LOAN001418,433,9,8,20230601,193715.31,True,False,4.61
LOAN001419,1180,8,5,20231213,18611.36,True,False,4.87
LOAN001420,173,11,6,20231223,135112.55,False,False,9.17
LOAN001421,2149,10,7,20250704,436979.18,False,False,5.95
LOAN001422,809,11,5,20250406,355832.31,False,False,11.7
LOAN001423,707,10,6,20240427,177424.51,False,False,5.78
LOAN001424,1953,6,7,20241204,221997.97,True,False,11.57
LOAN001425,1132,2,6,20230924,6919.88,True,False,7.88
LOAN001426,104,12,5,20251216,341402.68,False,False,8.91
LOAN001427,579,14,6,20230624,224808.04,True,False,8.48
LOAN001428,313,2,5,20240619,279415.78,False,False,9.64
LOAN001429,787,8,5,20240716,161571.14,True,False,8.16
LOAN001430,619,9,7,20230802,124559.46,True,False,12.36
LOAN001431,1994,13,6,20250220,85905.05,True,False,4.86
LOAN001432,99,15,8,20240215,122432.38,True,True,11.78
LOAN001433,2105,3,7,20250227,297167.51,True,False,7.6
LOAN001434,1202,6,6,20240914,416577.14,True,False,11.6
LOAN001435,960,1,5,20230819,181913.44,False,False,8.57
LOAN001436,90,1,6,20241018,407607.54,False,False,6.37
LOAN001437,1529,14,8,20241107,184576.68,True,True,10.64
LOAN001438,1145,10,7,20250210,314990.2,True,False,3.94
LOAN001439,234,13,7,20240213,54584.64,True,False,11.12
LOAN001440,758,5,8,20240819,15322.95,False,False,11.78
LOAN001441,1950,12,8,20240722,123745.23,True,False,8.89
LOAN001442,1174,10,7,20241007,254932.24,False,False,7.07
LOAN001443,73,8,6,20230123,16083.74,True,False,5.23
LOAN001444,1193,15,5,20230505,277508.12,False,False,7.52
LOAN001445,1457,6,8,20230424,187399.0,False,False,4.38
LOAN001446,990,9,8,20230724,157513.09,False,False,8.24
LOAN001447,1528,11,6,20240917,36806.35,True,False,4.1
LOAN001448,6,13,5,20251215,222215.92,True,False,8.55
LOAN001449,66,14,7,20230509,117423.39,True,False,6.43
LOAN001450,648,14,8,20241212,358997.95,False,False,11.32
LOAN001451,1215,15,5,20250616,147702.45,False,False,6.7
LOAN001452,479,4,6,20230314,373986.3,True,False,12.26
LOAN001453,1177,5,6,20250702,145625.75,True,False,10.6
LOAN001454,115,1,5,20230321,216902.18,True,False,5.87
LOAN001455,42,10,7,20240103,307439.77,True,False,7.66
LOAN001456,505,10,8,20250331,122136.77,True,False,4.47
LOAN001457,210,1,7,20240227,390395.58,True,True,11.41
LOAN001458,232,5,8,20250916,35582.87,True,False,9.47
LOAN001459,1852,3,7,20240110,74834.69,True,False,9.32
LOAN001460,1797,2,7,20230607,408612.5,False,False,5.84
LOAN001461,1280,2,6,20250524,157872.3,True,False,10.66
LOAN001462,1684,4,7,20241130,331447.46,True,False,7.18
LOAN001463,2128,11,7,20250519,382149.54,True,True,11.79
LOAN001464,2161,4,6,20230427,204784.35,True,False,3.86
LOAN001465,28,2,8,20250925,230229.11,True,False,10.16
LOAN001466,225,4,7,20241003,100576.01,True,False,4.39
LOAN001467,767,3,6,20230214,129776.16,True,False,3.6
LOAN001468,842,10,7,20250121,322531.33,True,False,4.81
LOAN001469,1640,13,7,20230530,326194.76,True,False,5.61
LOAN001470,1631,6,5,20240601,446443.82,True,False,8.29
LOAN001471,2097,6,8,20230209,20519.81,True,False,10.45
LOAN001472,211,13,6,20231228,185720.43,True,False,8.97
LOAN001473,1417,3,8,20240325,428143.52,False,False,8.16
LOAN001474,614,4,6,20250621,362360.61,True,False,6.23
LOAN001475,1274,8,6,20230811,322105.43,True,False,4.39
LOAN001476,848,4,6,20230826,402220.38,True,False,5.3
LOAN001477,1570,1,6,20240623,137264.43,True,False,12.12
LOAN001478,1782,9,8,20230322,71535.69,True,False,5.79
LOAN001479,1467,2,8,20231201,261920.33,True,False,12.33
LOAN001480,1080,11,8,20241212,311755.92,False,False,4.53
LOAN001481,692,1,8,20241219,337156.48,True,False,7.34
LOAN001482,1209,3,8,20250803,446563.37,True,False,9.16
LOAN001483,1212,3,7,20250524,240316.24,True,False,8.52
LOAN001484,1872,5,6,20250108,289419.69,True,False,10.09
LOAN001485,135,12,5,20250703,37088.18,True,False,4.68
LOAN001486,1680,11,7,20240213,136614.02,True,True,7.8
LOAN001487,1557,4,6,20250523,141358.19,True,False,5.42
LOAN001488,854,7,8,20230703,416413.31,True,False,3.79
LOAN001489,878,9,8,20240426,422536.78,True,False,11.67
LOAN001490,1033,7,6,20230914,308334.22,True,False,3.79
LOAN001491,604,5,7,20231219,102959.29,False,False,12.31
LOAN001492,757,13,6,20240116,407865.76,True,False,12.18
LOAN001493,565,3,8,20231030,448263.18,False,False,4.07
LOAN001494,1563,12,5,20241029,257746.42,False,False,11.01
LOAN001495,1110,11,8,20230621,145229.62,True,False,7.42
LOAN001496,409,13,5,20231125,129114.91,True,False,3.84
LOAN001497,534,15,6,20230810,34575.58,False,False,3.69
LOAN001498,302,9,8,20240221,238205.51,False,False,9.07
LOAN001499,1806,3,8,20251225,139850.35,True,False,10.94
LOAN001500,682,5,6,20231109,399829.98,True,False,4.76
